0,0,0.0,4.05,0.39
0,0,1.0,6.05,0.39
0,0,2.0,5.05,0.39
0,0,3.0,5.05,-0.61
0,0,4.0,5.05,1.39
0,0,5.0,4.04,-0.37
0,0,6.0,6.04,-0.37
0,0,7.0,5.04,-0.37
0,0,8.0,5.04,-1.37
0,0,9.0,5.04,0.63
0,0,10.0,-0.62,24.72
0,0,11.0,1.38,24.72
0,0,12.0,0.38,24.72
0,0,13.0,0.38,23.72
0,0,14.0,0.38,25.72
0,1,0.0,0.48,16.48
0,1,1.0,2.48,16.48
0,1,2.0,1.48,16.48
0,1,3.0,1.48,15.48
0,1,4.0,1.48,17.48
0,1,5.0,4.03,0.75
0,1,6.0,6.03,0.75
0,1,7.0,5.03,0.75
0,1,8.0,5.03,-0.25
0,1,9.0,5.03,1.75
0,1,10.0,-0.39,24.25
0,1,11.0,1.61,24.25
0,1,12.0,0.61,24.25
0,1,13.0,0.61,23.25
0,1,14.0,0.61,25.25
0,2,0.0,-1.34,23.76
0,2,1.0,0.66,23.76
0,2,2.0,-0.34,23.76
0,2,3.0,-0.34,22.76
0,2,4.0,-0.34,24.76
0,2,5.0,3.95,0.71
0,2,6.0,5.95,0.71
0,2,7.0,4.95,0.71
0,2,8.0,4.95,-0.29
0,2,9.0,4.95,1.71
0,2,10.0,-0.33,24.02
0,2,11.0,1.67,24.02
0,2,12.0,0.67,24.02
0,2,13.0,0.67,23.02
0,2,14.0,0.67,25.02
1,0,0.0,3.89,0.46
1,0,1.0,5.89,0.46
1,0,2.0,4.89,0.46
1,0,3.0,4.89,-0.54
1,0,4.0,4.89,1.46
1,0,5.0,4.04,-0.22
1,0,6.0,6.04,-0.22
1,0,7.0,5.04,-0.22
1,0,8.0,5.04,-1.22
1,0,9.0,5.04,0.78
1,0,10.0,-0.6,24.60
1,0,11.0,1.4,24.60
1,0,12.0,0.40,24.60
1,0,13.0,0.40,23.6
1,0,14.0,0.40,25.6
1,1,0.0,1.26,16.07
1,1,1.0,3.26,16.07
1,1,2.0,2.26,16.07
1,1,3.0,2.26,15.07
1,1,4.0,2.26,17.07
1,1,5.0,4.08,0.79
1,1,6.0,6.08,0.79
1,1,7.0,5.08,0.79
1,1,8.0,5.08,-0.21
1,1,9.0,5.08,1.79
1,1,10.0,-0.37,23.80
1,1,11.0,1.63,23.80
1,1,12.0,0.63,23.80
1,1,13.0,0.63,22.8
1,1,14.0,0.63,24.8
1,2,0.0,0.26,24.05
1,2,1.0,2.26,24.05
1,2,2.0,1.26,24.05
1,2,3.0,1.26,23.05
1,2,4.0,1.26,25.05
1,2,5.0,4.02,0.45
1,2,6.0,6.02,0.45
1,2,7.0,5.02,0.45
1,2,8.0,5.02,-0.55
1,2,9.0,5.02,1.45
1,2,10.0,-0.71,23.90
1,2,11.0,1.29,23.90
1,2,12.0,0.29,23.90
1,2,13.0,0.29,22.9
1,2,14.0,0.29,24.9
2,0,0.0,4.06,0.47
2,0,1.0,6.06,0.47
2,0,2.0,5.06,0.47
2,0,3.0,5.06,-0.53
2,0,4.0,5.06,1.47
2,0,5.0,4.12,-0.29
2,0,6.0,6.12,-0.29
2,0,7.0,5.12,-0.29
2,0,8.0,5.12,-1.29
2,0,9.0,5.12,0.71
2,0,10.0,-0.71,26.62
2,0,11.0,1.29,26.62
2,0,12.0,0.29,26.62
2,0,13.0,0.29,25.62
2,0,14.0,0.29,27.62
2,1,0.0,2.74,18.41
2,1,1.0,4.74,18.41
2,1,2.0,3.74,18.41
2,1,3.0,3.74,17.41
2,1,4.0,3.74,19.41
2,1,5.0,4.05,0.56
2,1,6.0,6.05,0.56
2,1,7.0,5.05,0.56
2,1,8.0,5.05,-0.44
2,1,9.0,5.05,1.56
2,1,10.0,-0.48,26.31
2,1,11.0,1.52,26.31
2,1,12.0,0.52,26.31
2,1,13.0,0.52,25.31
2,1,14.0,0.52,27.31
2,2,0.0,2.01,26.51
2,2,1.0,4.01,26.51
2,2,2.0,3.01,26.51
2,2,3.0,3.01,25.51
2,2,4.0,3.01,27.51
2,2,5.0,3.86,1.04
2,2,6.0,5.86,1.04
2,2,7.0,4.86,1.04
2,2,8.0,4.86,0.04
2,2,9.0,4.86,2.04
2,2,10.0,0.44,26.40
2,2,11.0,2.44,26.40
2,2,12.0,1.44,26.40
2,2,13.0,1.44,25.4
2,2,14.0,1.44,27.4
3,0,0.0,4.08,0.34
3,0,1.0,6.08,0.34
3,0,2.0,5.08,0.34
3,0,3.0,5.08,-0.66
3,0,4.0,5.08,1.34
3,0,5.0,4.01,-0.18
3,0,6.0,6.01,-0.18
3,0,7.0,5.01,-0.18
3,0,8.0,5.01,-1.18
3,0,9.0,5.01,0.82
3,0,10.0,-0.69,26.21
3,0,11.0,1.31,26.21
3,0,12.0,0.31,26.21
3,0,13.0,0.31,25.21
3,0,14.0,0.31,27.21
3,1,0.0,2.69,17.22
3,1,1.0,4.69,17.22
3,1,2.0,3.69,17.22
3,1,3.0,3.69,16.22
3,1,4.0,3.69,18.22
3,1,5.0,4.11,0.68
3,1,6.0,6.11,0.68
3,1,7.0,5.11,0.68
3,1,8.0,5.11,-0.32
3,1,9.0,5.11,1.68
3,1,10.0,-0.67,26.03
3,1,11.0,1.33,26.03
3,1,12.0,0.33,26.03
3,1,13.0,0.33,25.03
3,1,14.0,0.33,27.03
3,2,0.0,1.63,26.13
3,2,1.0,3.63,26.13
3,2,2.0,2.63,26.13
3,2,3.0,2.63,25.13
3,2,4.0,2.63,27.13
3,2,5.0,3.8,1.01
3,2,6.0,5.8,1.01
3,2,7.0,4.80,1.01
3,2,8.0,4.80,0.01
3,2,9.0,4.80,2.01
3,2,10.0,0.22,25.54
3,2,11.0,2.22,25.54
3,2,12.0,1.22,25.54
3,2,13.0,1.22,24.54
3,2,14.0,1.22,26.54
4,0,0.0,3.83,0.61
4,0,1.0,5.83,0.61
4,0,2.0,4.83,0.61
4,0,3.0,4.83,-0.39
4,0,4.0,4.83,1.61
4,0,5.0,4.12,-0.42
4,0,6.0,6.12,-0.42
4,0,7.0,5.12,-0.42
4,0,8.0,5.12,-1.42
4,0,9.0,5.12,0.58
4,0,10.0,-0.52,25.11
4,0,11.0,1.48,25.11
4,0,12.0,0.48,25.11
4,0,13.0,0.48,24.11
4,0,14.0,0.48,26.11
4,1,0.0,0.01,15.95
4,1,1.0,2.01,15.95
4,1,2.0,1.01,15.95
4,1,3.0,1.01,14.95
4,1,4.0,1.01,16.95
4,1,5.0,4.04,1.06
4,1,6.0,6.04,1.06
4,1,7.0,5.04,1.06
4,1,8.0,5.04,0.06
4,1,9.0,5.04,2.06
4,1,10.0,-0.53,24.64
4,1,11.0,1.47,24.64
4,1,12.0,0.47,24.64
4,1,13.0,0.47,23.64
4,1,14.0,0.47,25.64
4,2,0.0,-2.01,24.96
4,2,1.0,-0.01,24.96
4,2,2.0,-1.01,24.96
4,2,3.0,-1.01,23.96
4,2,4.0,-1.01,25.96
4,2,5.0,3.84,0.78
4,2,6.0,5.84,0.78
4,2,7.0,4.84,0.78
4,2,8.0,4.84,-0.22
4,2,9.0,4.84,1.78
4,2,10.0,-1.24,24.62
4,2,11.0,0.76,24.62
4,2,12.0,-0.24,24.62
4,2,13.0,-0.24,23.62
4,2,14.0,-0.24,25.62
5,0,0.0,4.0,0.72
5,0,1.0,6.0,0.72
5,0,2.0,5.00,0.72
5,0,3.0,5.00,-0.28
5,0,4.0,5.00,1.72
5,0,5.0,4.04,-0.09
5,0,6.0,6.04,-0.09
5,0,7.0,5.04,-0.09
5,0,8.0,5.04,-1.09
5,0,9.0,5.04,0.91
5,0,10.0,-0.78,26.70
5,0,11.0,1.22,26.70
5,0,12.0,0.22,26.70
5,0,13.0,0.22,25.7
5,0,14.0,0.22,27.7
5,1,0.0,-0.2,16.64
5,1,1.0,1.8,16.64
5,1,2.0,0.80,16.64
5,1,3.0,0.80,15.64
5,1,4.0,0.80,17.64
5,1,5.0,3.89,1.04
5,1,6.0,5.89,1.04
5,1,7.0,4.89,1.04
5,1,8.0,4.89,0.04
5,1,9.0,4.89,2.04
5,1,10.0,-0.91,26.58
5,1,11.0,1.09,26.58
5,1,12.0,0.09,26.58
5,1,13.0,0.09,25.58
5,1,14.0,0.09,27.58
5,2,0.0,-3.24,26.00
5,2,1.0,-1.24,26.00
5,2,2.0,-2.24,26.00
5,2,3.0,-2.24,25.0
5,2,4.0,-2.24,27.0
5,2,5.0,3.51,2.17
5,2,6.0,5.51,2.17
5,2,7.0,4.51,2.17
5,2,8.0,4.51,1.17
5,2,9.0,4.51,3.17
5,2,10.0,-1.64,26.11
5,2,11.0,0.36,26.11
5,2,12.0,-0.64,26.11
5,2,13.0,-0.64,25.11
5,2,14.0,-0.64,27.11
6,0,0.0,3.89,0.44
6,0,1.0,5.89,0.44
6,0,2.0,4.89,0.44
6,0,3.0,4.89,-0.56
6,0,4.0,4.89,1.44
6,0,5.0,3.99,-0.29
6,0,6.0,5.99,-0.29
6,0,7.0,4.99,-0.29
6,0,8.0,4.99,-1.29
6,0,9.0,4.99,0.71
6,0,10.0,-0.75,26.19
6,0,11.0,1.25,26.19
6,0,12.0,0.25,26.19
6,0,13.0,0.25,25.19
6,0,14.0,0.25,27.19
6,1,0.0,2.63,17.88
6,1,1.0,4.63,17.88
6,1,2.0,3.63,17.88
6,1,3.0,3.63,16.88
6,1,4.0,3.63,18.88
6,1,5.0,3.88,0.53
6,1,6.0,5.88,0.53
6,1,7.0,4.88,0.53
6,1,8.0,4.88,-0.47
6,1,9.0,4.88,1.53
6,1,10.0,-0.63,25.74
6,1,11.0,1.37,25.74
6,1,12.0,0.37,25.74
6,1,13.0,0.37,24.74
6,1,14.0,0.37,26.74
6,2,0.0,1.66,25.80
6,2,1.0,3.66,25.80
6,2,2.0,2.66,25.80
6,2,3.0,2.66,24.8
6,2,4.0,2.66,26.8
6,2,5.0,3.69,0.78
6,2,6.0,5.69,0.78
6,2,7.0,4.69,0.78
6,2,8.0,4.69,-0.22
6,2,9.0,4.69,1.78
6,2,10.0,0.2,25.64
6,2,11.0,2.2,25.64
6,2,12.0,1.20,25.64
6,2,13.0,1.20,24.64
6,2,14.0,1.20,26.64
7,0,0.0,3.95,0.63
7,0,1.0,5.95,0.63
7,0,2.0,4.95,0.63
7,0,3.0,4.95,-0.37
7,0,4.0,4.95,1.63
7,0,5.0,3.98,-0.28
7,0,6.0,5.98,-0.28
7,0,7.0,4.98,-0.28
7,0,8.0,4.98,-1.28
7,0,9.0,4.98,0.72
7,0,10.0,-0.82,26.46
7,0,11.0,1.18,26.46
7,0,12.0,0.18,26.46
7,0,13.0,0.18,25.46
7,0,14.0,0.18,27.46
7,1,0.0,-0.57,17.12
7,1,1.0,1.43,17.12
7,1,2.0,0.43,17.12
7,1,3.0,0.43,16.12
7,1,4.0,0.43,18.12
7,1,5.0,4.0,0.79
7,1,6.0,6.0,0.79
7,1,7.0,5.00,0.79
7,1,8.0,5.00,-0.21
7,1,9.0,5.00,1.79
7,1,10.0,-1.03,25.85
7,1,11.0,0.97,25.85
7,1,12.0,-0.03,25.85
7,1,13.0,-0.03,24.85
7,1,14.0,-0.03,26.85
7,2,0.0,-3.38,25.46
7,2,1.0,-1.38,25.46
7,2,2.0,-2.38,25.46
7,2,3.0,-2.38,24.46
7,2,4.0,-2.38,26.46
7,2,5.0,3.86,0.92
7,2,6.0,5.86,0.92
7,2,7.0,4.86,0.92
7,2,8.0,4.86,-0.08
7,2,9.0,4.86,1.92
7,2,10.0,-2.08,25.45
7,2,11.0,-0.08,25.45
7,2,12.0,-1.08,25.45
7,2,13.0,-1.08,24.45
7,2,14.0,-1.08,26.45
8,0,0.0,3.94,0.72
8,0,1.0,5.94,0.72
8,0,2.0,4.94,0.72
8,0,3.0,4.94,-0.28
8,0,4.0,4.94,1.72
8,0,5.0,4.07,-0.36
8,0,6.0,6.07,-0.36
8,0,7.0,5.07,-0.36
8,0,8.0,5.07,-1.36
8,0,9.0,5.07,0.64
8,0,10.0,-0.62,25.26
8,0,11.0,1.38,25.26
8,0,12.0,0.38,25.26
8,0,13.0,0.38,24.26
8,0,14.0,0.38,26.26
8,1,0.0,2.38,18.18
8,1,1.0,4.38,18.18
8,1,2.0,3.38,18.18
8,1,3.0,3.38,17.18
8,1,4.0,3.38,19.18
8,1,5.0,3.99,0.75
8,1,6.0,5.99,0.75
8,1,7.0,4.99,0.75
8,1,8.0,4.99,-0.25
8,1,9.0,4.99,1.75
8,1,10.0,0.07,23.87
8,1,11.0,2.07,23.87
8,1,12.0,1.07,23.87
8,1,13.0,1.07,22.87
8,1,14.0,1.07,24.87
8,2,0.0,1.64,24.19
8,2,1.0,3.64,24.19
8,2,2.0,2.64,24.19
8,2,3.0,2.64,23.19
8,2,4.0,2.64,25.19
8,2,5.0,3.77,0.73
8,2,6.0,5.77,0.73
8,2,7.0,4.77,0.73
8,2,8.0,4.77,-0.27
8,2,9.0,4.77,1.73
8,2,10.0,0.62,24.03
8,2,11.0,2.62,24.03
8,2,12.0,1.62,24.03
8,2,13.0,1.62,23.03
8,2,14.0,1.62,25.03
9,0,0.0,3.95,0.65
9,0,1.0,5.95,0.65
9,0,2.0,4.95,0.65
9,0,3.0,4.95,-0.35
9,0,4.0,4.95,1.65
9,0,5.0,4.01,-0.24
9,0,6.0,6.01,-0.24
9,0,7.0,5.01,-0.24
9,0,8.0,5.01,-1.24
9,0,9.0,5.01,0.76
9,0,10.0,-0.64,26.12
9,0,11.0,1.36,26.12
9,0,12.0,0.36,26.12
9,0,13.0,0.36,25.12
9,0,14.0,0.36,27.12
9,1,0.0,2.63,16.56
9,1,1.0,4.63,16.56
9,1,2.0,3.63,16.56
9,1,3.0,3.63,15.56
9,1,4.0,3.63,17.56
9,1,5.0,3.89,0.51
9,1,6.0,5.89,0.51
9,1,7.0,4.89,0.51
9,1,8.0,4.89,-0.49
9,1,9.0,4.89,1.51
9,1,10.0,-0.44,26.01
9,1,11.0,1.56,26.01
9,1,12.0,0.56,26.01
9,1,13.0,0.56,25.01
9,1,14.0,0.56,27.01
9,2,0.0,1.72,26.01
9,2,1.0,3.72,26.01
9,2,2.0,2.72,26.01
9,2,3.0,2.72,25.01
9,2,4.0,2.72,27.01
9,2,5.0,3.78,0.84
9,2,6.0,5.78,0.84
9,2,7.0,4.78,0.84
9,2,8.0,4.78,-0.16
9,2,9.0,4.78,1.84
9,2,10.0,0.32,25.97
9,2,11.0,2.32,25.97
9,2,12.0,1.32,25.97
9,2,13.0,1.32,24.97
9,2,14.0,1.32,26.97
10,0,0.0,4.06,0.42
10,0,1.0,6.06,0.42
10,0,2.0,5.06,0.42
10,0,3.0,5.06,-0.58
10,0,4.0,5.06,1.42
10,0,5.0,4.09,-0.35
10,0,6.0,6.09,-0.35
10,0,7.0,5.09,-0.35
10,0,8.0,5.09,-1.35
10,0,9.0,5.09,0.65
10,0,10.0,-0.56,26.73
10,0,11.0,1.44,26.73
10,0,12.0,0.44,26.73
10,0,13.0,0.44,25.73
10,0,14.0,0.44,27.73
10,1,0.0,2.19,17.70
10,1,1.0,4.19,17.70
10,1,2.0,3.19,17.70
10,1,3.0,3.19,16.7
10,1,4.0,3.19,18.7
10,1,5.0,4.07,0.65
10,1,6.0,6.07,0.65
10,1,7.0,5.07,0.65
10,1,8.0,5.07,-0.35
10,1,9.0,5.07,1.65
10,1,10.0,-0.35,26.17
10,1,11.0,1.65,26.17
10,1,12.0,0.65,26.17
10,1,13.0,0.65,25.17
10,1,14.0,0.65,27.17
10,2,0.0,1.12,25.63
10,2,1.0,3.12,25.63
10,2,2.0,2.12,25.63
10,2,3.0,2.12,24.63
10,2,4.0,2.12,26.63
10,2,5.0,3.84,1.11
10,2,6.0,5.84,1.11
10,2,7.0,4.84,1.11
10,2,8.0,4.84,0.11
10,2,9.0,4.84,2.11
10,2,10.0,0.1,25.99
10,2,11.0,2.1,25.99
10,2,12.0,1.10,25.99
10,2,13.0,1.10,24.99
10,2,14.0,1.10,26.99
11,0,0.0,4.02,0.83
11,0,1.0,6.02,0.83
11,0,2.0,5.02,0.83
11,0,3.0,5.02,-0.17
11,0,4.0,5.02,1.83
11,0,5.0,4.09,-0.06
11,0,6.0,6.09,-0.06
11,0,7.0,5.09,-0.06
11,0,8.0,5.09,-1.06
11,0,9.0,5.09,0.94
11,0,10.0,-0.69,25.09
11,0,11.0,1.31,25.09
11,0,12.0,0.31,25.09
11,0,13.0,0.31,24.09
11,0,14.0,0.31,26.09
11,1,0.0,-0.96,17.16
11,1,1.0,1.04,17.16
11,1,2.0,0.04,17.16
11,1,3.0,0.04,16.16
11,1,4.0,0.04,18.16
11,1,5.0,4.07,0.98
11,1,6.0,6.07,0.98
11,1,7.0,5.07,0.98
11,1,8.0,5.07,-0.02
11,1,9.0,5.07,1.98
11,1,10.0,-0.68,24.51
11,1,11.0,1.32,24.51
11,1,12.0,0.32,24.51
11,1,13.0,0.32,23.51
11,1,14.0,0.32,25.51
11,2,0.0,-3.19,24.03
11,2,1.0,-1.19,24.03
11,2,2.0,-2.19,24.03
11,2,3.0,-2.19,23.03
11,2,4.0,-2.19,25.03
11,2,5.0,4.02,0.92
11,2,6.0,6.02,0.92
11,2,7.0,5.02,0.92
11,2,8.0,5.02,-0.08
11,2,9.0,5.02,1.92
11,2,10.0,-1.7,24.12
11,2,11.0,0.3,24.12
11,2,12.0,-0.70,24.12
11,2,13.0,-0.70,23.12
11,2,14.0,-0.70,25.12
12,0,0.0,3.97,0.59
12,0,1.0,5.97,0.59
12,0,2.0,4.97,0.59
12,0,3.0,4.97,-0.41
12,0,4.0,4.97,1.59
12,0,5.0,4.12,-0.20
12,0,6.0,6.12,-0.20
12,0,7.0,5.12,-0.20
12,0,8.0,5.12,-1.2
12,0,9.0,5.12,0.8
12,0,10.0,-0.51,25.38
12,0,11.0,1.49,25.38
12,0,12.0,0.49,25.38
12,0,13.0,0.49,24.38
12,0,14.0,0.49,26.38
12,1,0.0,2.93,16.94
12,1,1.0,4.93,16.94
12,1,2.0,3.93,16.94
12,1,3.0,3.93,15.94
12,1,4.0,3.93,17.94
12,1,5.0,4.02,0.96
12,1,6.0,6.02,0.96
12,1,7.0,5.02,0.96
12,1,8.0,5.02,-0.04
12,1,9.0,5.02,1.96
12,1,10.0,-0.07,24.67
12,1,11.0,1.93,24.67
12,1,12.0,0.93,24.67
12,1,13.0,0.93,23.67
12,1,14.0,0.93,25.67
12,2,0.0,2.34,24.64
12,2,1.0,4.34,24.64
12,2,2.0,3.34,24.64
12,2,3.0,3.34,23.64
12,2,4.0,3.34,25.64
12,2,5.0,3.72,0.83
12,2,6.0,5.72,0.83
12,2,7.0,4.72,0.83
12,2,8.0,4.72,-0.17
12,2,9.0,4.72,1.83
12,2,10.0,1.3,24.94
12,2,11.0,3.3,24.94
12,2,12.0,2.30,24.94
12,2,13.0,2.30,23.94
12,2,14.0,2.30,25.94
13,0,0.0,3.93,0.49
13,0,1.0,5.93,0.49
13,0,2.0,4.93,0.49
13,0,3.0,4.93,-0.51
13,0,4.0,4.93,1.49
13,0,5.0,3.96,-0.26
13,0,6.0,5.96,-0.26
13,0,7.0,4.96,-0.26
13,0,8.0,4.96,-1.26
13,0,9.0,4.96,0.74
13,0,10.0,-0.72,27.02
13,0,11.0,1.28,27.02
13,0,12.0,0.28,27.02
13,0,13.0,0.28,26.02
13,0,14.0,0.28,28.02
13,1,0.0,-0.86,17.40
13,1,1.0,1.14,17.40
13,1,2.0,0.14,17.40
13,1,3.0,0.14,16.4
13,1,4.0,0.14,18.4
13,1,5.0,3.87,0.68
13,1,6.0,5.87,0.68
13,1,7.0,4.87,0.68
13,1,8.0,4.87,-0.32
13,1,9.0,4.87,1.68
13,1,10.0,-0.83,26.29
13,1,11.0,1.17,26.29
13,1,12.0,0.17,26.29
13,1,13.0,0.17,25.29
13,1,14.0,0.17,27.29
13,2,0.0,-3.76,25.98
13,2,1.0,-1.76,25.98
13,2,2.0,-2.76,25.98
13,2,3.0,-2.76,24.98
13,2,4.0,-2.76,26.98
13,2,5.0,3.8,0.77
13,2,6.0,5.8,0.77
13,2,7.0,4.80,0.77
13,2,8.0,4.80,-0.23
13,2,9.0,4.80,1.77
13,2,10.0,-2.2,25.96
13,2,11.0,-0.2,25.96
13,2,12.0,-1.20,25.96
13,2,13.0,-1.20,24.96
13,2,14.0,-1.20,26.96
14,0,0.0,4.06,0.54
14,0,1.0,6.06,0.54
14,0,2.0,5.06,0.54
14,0,3.0,5.06,-0.46
14,0,4.0,5.06,1.54
14,0,5.0,4.08,-0.12
14,0,6.0,6.08,-0.12
14,0,7.0,5.08,-0.12
14,0,8.0,5.08,-1.12
14,0,9.0,5.08,0.88
14,0,10.0,-0.35,24.95
14,0,11.0,1.65,24.95
14,0,12.0,0.65,24.95
14,0,13.0,0.65,23.95
14,0,14.0,0.65,25.95
14,1,0.0,-0.48,17.63
14,1,1.0,1.52,17.63
14,1,2.0,0.52,17.63
14,1,3.0,0.52,16.63
14,1,4.0,0.52,18.63
14,1,5.0,3.99,0.81
14,1,6.0,5.99,0.81
14,1,7.0,4.99,0.81
14,1,8.0,4.99,-0.19
14,1,9.0,4.99,1.81
14,1,10.0,-0.27,24.33
14,1,11.0,1.73,24.33
14,1,12.0,0.73,24.33
14,1,13.0,0.73,23.33
14,1,14.0,0.73,25.33
14,2,0.0,-2.53,24.61
14,2,1.0,-0.53,24.61
14,2,2.0,-1.53,24.61
14,2,3.0,-1.53,23.61
14,2,4.0,-1.53,25.61
14,2,5.0,4.03,0.66
14,2,6.0,6.03,0.66
14,2,7.0,5.03,0.66
14,2,8.0,5.03,-0.34
14,2,9.0,5.03,1.66
14,2,10.0,-0.99,24.44
14,2,11.0,1.01,24.44
14,2,12.0,0.01,24.44
14,2,13.0,0.01,23.44
14,2,14.0,0.01,25.44
15,0,0.0,4.02,0.37
15,0,1.0,6.02,0.37
15,0,2.0,5.02,0.37
15,0,3.0,5.02,-0.63
15,0,4.0,5.02,1.37
15,0,5.0,3.99,-0.21
15,0,6.0,5.99,-0.21
15,0,7.0,4.99,-0.21
15,0,8.0,4.99,-1.21
15,0,9.0,4.99,0.79
15,0,10.0,-0.78,27.05
15,0,11.0,1.22,27.05
15,0,12.0,0.22,27.05
15,0,13.0,0.22,26.05
15,0,14.0,0.22,28.05
15,1,0.0,-0.19,17.32
15,1,1.0,1.81,17.32
15,1,2.0,0.81,17.32
15,1,3.0,0.81,16.32
15,1,4.0,0.81,18.32
15,1,5.0,3.95,0.81
15,1,6.0,5.95,0.81
15,1,7.0,4.95,0.81
15,1,8.0,4.95,-0.19
15,1,9.0,4.95,1.81
15,1,10.0,-0.88,26.27
15,1,11.0,1.12,26.27
15,1,12.0,0.12,26.27
15,1,13.0,0.12,25.27
15,1,14.0,0.12,27.27
15,2,0.0,-3.01,25.24
15,2,1.0,-1.01,25.24
15,2,2.0,-2.01,25.24
15,2,3.0,-2.01,24.24
15,2,4.0,-2.01,26.24
15,2,5.0,3.93,0.64
15,2,6.0,5.93,0.64
15,2,7.0,4.93,0.64
15,2,8.0,4.93,-0.36
15,2,9.0,4.93,1.64
15,2,10.0,-1.84,25.88
15,2,11.0,0.16,25.88
15,2,12.0,-0.84,25.88
15,2,13.0,-0.84,24.88
15,2,14.0,-0.84,26.88
16,0,0.0,4.04,-0.14
16,0,1.0,6.04,-0.14
16,0,2.0,5.04,-0.14
16,0,3.0,5.04,-1.14
16,0,4.0,5.04,0.86
16,0,5.0,2.92,-0.04
16,0,6.0,4.92,-0.04
16,0,7.0,3.92,-0.04
16,0,8.0,3.92,-1.04
16,0,9.0,3.92,0.96
16,0,10.0,-0.59,25.71
16,0,11.0,1.41,25.71
16,0,12.0,0.41,25.71
16,0,13.0,0.41,24.71
16,0,14.0,0.41,26.71
16,1,0.0,6.0,21.00
16,1,1.0,8.0,21.00
16,1,2.0,7.00,21.00
16,1,3.0,7.00,20.0
16,1,4.0,7.00,22.0
16,1,5.0,2.7,0.23
16,1,6.0,4.7,0.23
16,1,7.0,3.70,0.23
16,1,8.0,3.70,-0.77
16,1,9.0,3.70,1.23
16,1,10.0,3.14,26.78
16,1,11.0,5.14,26.78
16,1,12.0,4.14,26.78
16,1,13.0,4.14,25.78
16,1,14.0,4.14,27.78
16,2,0.0,6.72,27.69
16,2,1.0,8.72,27.69
16,2,2.0,7.72,27.69
16,2,3.0,7.72,26.69
16,2,4.0,7.72,28.69
16,2,5.0,2.32,-0.28
16,2,6.0,4.32,-0.28
16,2,7.0,3.32,-0.28
16,2,8.0,3.32,-1.28
16,2,9.0,3.32,0.72
16,2,10.0,5.92,27.55
16,2,11.0,7.92,27.55
16,2,12.0,6.92,27.55
16,2,13.0,6.92,26.55
16,2,14.0,6.92,28.55
17,0,0.0,3.91,0.47
17,0,1.0,5.91,0.47
17,0,2.0,4.91,0.47
17,0,3.0,4.91,-0.53
17,0,4.0,4.91,1.47
17,0,5.0,4.05,-0.29
17,0,6.0,6.05,-0.29
17,0,7.0,5.05,-0.29
17,0,8.0,5.05,-1.29
17,0,9.0,5.05,0.71
17,0,10.0,-0.69,26.77
17,0,11.0,1.31,26.77
17,0,12.0,0.31,26.77
17,0,13.0,0.31,25.77
17,0,14.0,0.31,27.77
17,1,0.0,-0.17,17.18
17,1,1.0,1.83,17.18
17,1,2.0,0.83,17.18
17,1,3.0,0.83,16.18
17,1,4.0,0.83,18.18
17,1,5.0,4.07,0.68
17,1,6.0,6.07,0.68
17,1,7.0,5.07,0.68
17,1,8.0,5.07,-0.32
17,1,9.0,5.07,1.68
17,1,10.0,-0.63,25.76
17,1,11.0,1.37,25.76
17,1,12.0,0.37,25.76
17,1,13.0,0.37,24.76
17,1,14.0,0.37,26.76
17,2,0.0,-2.53,25.35
17,2,1.0,-0.53,25.35
17,2,2.0,-1.53,25.35
17,2,3.0,-1.53,24.35
17,2,4.0,-1.53,26.35
17,2,5.0,4.01,0.87
17,2,6.0,6.01,0.87
17,2,7.0,5.01,0.87
17,2,8.0,5.01,-0.13
17,2,9.0,5.01,1.87
17,2,10.0,-1.5,25.49
17,2,11.0,0.5,25.49
17,2,12.0,-0.50,25.49
17,2,13.0,-0.50,24.49
17,2,14.0,-0.50,26.49
18,0,0.0,4.3,-0.25
18,0,1.0,6.3,-0.25
18,0,2.0,5.30,-0.25
18,0,3.0,5.30,-1.25
18,0,4.0,5.30,0.75
18,0,5.0,3.23,-0.39
18,0,6.0,5.23,-0.39
18,0,7.0,4.23,-0.39
18,0,8.0,4.23,-1.39
18,0,9.0,4.23,0.61
18,0,10.0,-0.42,25.64
18,0,11.0,1.58,25.64
18,0,12.0,0.58,25.64
18,0,13.0,0.58,24.64
18,0,14.0,0.58,26.64
18,1,0.0,0.81,20.03
18,1,1.0,2.81,20.03
18,1,2.0,1.81,20.03
18,1,3.0,1.81,19.03
18,1,4.0,1.81,21.03
18,1,5.0,3.35,-0.25
18,1,6.0,5.35,-0.25
18,1,7.0,4.35,-0.25
18,1,8.0,4.35,-1.25
18,1,9.0,4.35,0.75
18,1,10.0,0.81,25.98
18,1,11.0,2.81,25.98
18,1,12.0,1.81,25.98
18,1,13.0,1.81,24.98
18,1,14.0,1.81,26.98
18,2,0.0,-0.28,26.14
18,2,1.0,1.72,26.14
18,2,2.0,0.72,26.14
18,2,3.0,0.72,25.14
18,2,4.0,0.72,27.14
18,2,5.0,3.41,-0.91
18,2,6.0,5.41,-0.91
18,2,7.0,4.41,-0.91
18,2,8.0,4.41,-1.91
18,2,9.0,4.41,0.09
18,2,10.0,0.81,25.92
18,2,11.0,2.81,25.92
18,2,12.0,1.81,25.92
18,2,13.0,1.81,24.92
18,2,14.0,1.81,26.92
19,0,0.0,4.09,0.61
19,0,1.0,6.09,0.61
19,0,2.0,5.09,0.61
19,0,3.0,5.09,-0.39
19,0,4.0,5.09,1.61
19,0,5.0,4.14,-0.20
19,0,6.0,6.14,-0.20
19,0,7.0,5.14,-0.20
19,0,8.0,5.14,-1.2
19,0,9.0,5.14,0.8
19,0,10.0,-0.47,25.48
19,0,11.0,1.53,25.48
19,0,12.0,0.53,25.48
19,0,13.0,0.53,24.48
19,0,14.0,0.53,26.48
19,1,0.0,2.24,17.29
19,1,1.0,4.24,17.29
19,1,2.0,3.24,17.29
19,1,3.0,3.24,16.29
19,1,4.0,3.24,18.29
19,1,5.0,3.9,0.49
19,1,6.0,5.9,0.49
19,1,7.0,4.90,0.49
19,1,8.0,4.90,-0.51
19,1,9.0,4.90,1.49
19,1,10.0,0.36,24.66
19,1,11.0,2.36,24.66
19,1,12.0,1.36,24.66
19,1,13.0,1.36,23.66
19,1,14.0,1.36,25.66
19,2,0.0,1.71,24.84
19,2,1.0,3.71,24.84
19,2,2.0,2.71,24.84
19,2,3.0,2.71,23.84
19,2,4.0,2.71,25.84
19,2,5.0,3.67,0.26
19,2,6.0,5.67,0.26
19,2,7.0,4.67,0.26
19,2,8.0,4.67,-0.74
19,2,9.0,4.67,1.26
19,2,10.0,0.87,24.61
19,2,11.0,2.87,24.61
19,2,12.0,1.87,24.61
19,2,13.0,1.87,23.61
19,2,14.0,1.87,25.61
20,0,0.0,0.97,-0.74
20,0,1.0,2.97,-0.74
20,0,2.0,1.97,-0.74
20,0,3.0,1.97,-1.74
20,0,4.0,1.97,0.26
20,0,5.0,2.13,-1.62
20,0,6.0,4.13,-1.62
20,0,7.0,3.13,-1.62
20,0,8.0,3.13,-2.62
20,0,9.0,3.13,-0.62
20,0,10.0,2.79,25.02
20,0,11.0,4.79,25.02
20,0,12.0,3.79,25.02
20,0,13.0,3.79,24.02
20,0,14.0,3.79,26.02
20,1,0.0,-0.42,19.23
20,1,1.0,1.58,19.23
20,1,2.0,0.58,19.23
20,1,3.0,0.58,18.23
20,1,4.0,0.58,20.23
20,1,5.0,1.93,-1.68
20,1,6.0,3.93,-1.68
20,1,7.0,2.93,-1.68
20,1,8.0,2.93,-2.68
20,1,9.0,2.93,-0.68
20,1,10.0,2.06,25.80
20,1,11.0,4.06,25.80
20,1,12.0,3.06,25.80
20,1,13.0,3.06,24.8
20,1,14.0,3.06,26.8
20,2,0.0,-1.05,25.99
20,2,1.0,0.95,25.99
20,2,2.0,-0.05,25.99
20,2,3.0,-0.05,24.99
20,2,4.0,-0.05,26.99
20,2,5.0,2.63,-1.45
20,2,6.0,4.63,-1.45
20,2,7.0,3.63,-1.45
20,2,8.0,3.63,-2.45
20,2,9.0,3.63,-0.45
20,2,10.0,0.21,25.32
20,2,11.0,2.21,25.32
20,2,12.0,1.21,25.32
20,2,13.0,1.21,24.32
20,2,14.0,1.21,26.32
21,0,0.0,4.0,0.73
21,0,1.0,6.0,0.73
21,0,2.0,5.00,0.73
21,0,3.0,5.00,-0.27
21,0,4.0,5.00,1.73
21,0,5.0,4.1,-0.14
21,0,6.0,6.1,-0.14
21,0,7.0,5.10,-0.14
21,0,8.0,5.10,-1.14
21,0,9.0,5.10,0.86
21,0,10.0,-0.58,25.10
21,0,11.0,1.42,25.10
21,0,12.0,0.42,25.10
21,0,13.0,0.42,24.1
21,0,14.0,0.42,26.1
21,1,0.0,2.37,16.88
21,1,1.0,4.37,16.88
21,1,2.0,3.37,16.88
21,1,3.0,3.37,15.88
21,1,4.0,3.37,17.88
21,1,5.0,4.1,0.61
21,1,6.0,6.1,0.61
21,1,7.0,5.10,0.61
21,1,8.0,5.10,-0.39
21,1,9.0,5.10,1.61
21,1,10.0,0.27,23.74
21,1,11.0,2.27,23.74
21,1,12.0,1.27,23.74
21,1,13.0,1.27,22.74
21,1,14.0,1.27,24.74
21,2,0.0,1.83,23.19
21,2,1.0,3.83,23.19
21,2,2.0,2.83,23.19
21,2,3.0,2.83,22.19
21,2,4.0,2.83,24.19
21,2,5.0,3.91,0.65
21,2,6.0,5.91,0.65
21,2,7.0,4.91,0.65
21,2,8.0,4.91,-0.35
21,2,9.0,4.91,1.65
21,2,10.0,0.94,23.75
21,2,11.0,2.94,23.75
21,2,12.0,1.94,23.75
21,2,13.0,1.94,22.75
21,2,14.0,1.94,24.75
22,0,0.0,0.29,-0.11
22,0,1.0,2.29,-0.11
22,0,2.0,1.29,-0.11
22,0,3.0,1.29,-1.11
22,0,4.0,1.29,0.89
22,0,5.0,1.26,-0.94
22,0,6.0,3.26,-0.94
22,0,7.0,2.26,-0.94
22,0,8.0,2.26,-1.94
22,0,9.0,2.26,0.06
22,0,10.0,2.35,19.00
22,0,11.0,4.35,19.00
22,0,12.0,3.35,19.00
22,0,13.0,3.35,18.0
22,0,14.0,3.35,20.0
22,1,0.0,0.79,17.67
22,1,1.0,2.79,17.67
22,1,2.0,1.79,17.67
22,1,3.0,1.79,16.67
22,1,4.0,1.79,18.67
22,1,5.0,1.08,-0.99
22,1,6.0,3.08,-0.99
22,1,7.0,2.08,-0.99
22,1,8.0,2.08,-1.99
22,1,9.0,2.08,0.01
22,1,10.0,2.21,16.91
22,1,11.0,4.21,16.91
22,1,12.0,3.21,16.91
22,1,13.0,3.21,15.91
22,1,14.0,3.21,17.91
22,2,0.0,5.01,5.84
22,2,1.0,7.01,5.84
22,2,2.0,6.01,5.84
22,2,3.0,6.01,4.84
22,2,4.0,6.01,6.84
22,2,5.0,1.99,-0.16
22,2,6.0,3.99,-0.16
22,2,7.0,2.99,-0.16
22,2,8.0,2.99,-1.16
22,2,9.0,2.99,0.84
22,2,10.0,0.94,15.16
22,2,11.0,2.94,15.16
22,2,12.0,1.94,15.16
22,2,13.0,1.94,14.16
22,2,14.0,1.94,16.16
23,0,0.0,3.98,0.53
23,0,1.0,5.98,0.53
23,0,2.0,4.98,0.53
23,0,3.0,4.98,-0.47
23,0,4.0,4.98,1.53
23,0,5.0,4.1,-0.21
23,0,6.0,6.1,-0.21
23,0,7.0,5.10,-0.21
23,0,8.0,5.10,-1.21
23,0,9.0,5.10,0.79
23,0,10.0,-0.67,25.14
23,0,11.0,1.33,25.14
23,0,12.0,0.33,25.14
23,0,13.0,0.33,24.14
23,0,14.0,0.33,26.14
23,1,0.0,1.09,16.89
23,1,1.0,3.09,16.89
23,1,2.0,2.09,16.89
23,1,3.0,2.09,15.89
23,1,4.0,2.09,17.89
23,1,5.0,4.06,0.62
23,1,6.0,6.06,0.62
23,1,7.0,5.06,0.62
23,1,8.0,5.06,-0.38
23,1,9.0,5.06,1.62
23,1,10.0,-0.57,24.39
23,1,11.0,1.43,24.39
23,1,12.0,0.43,24.39
23,1,13.0,0.43,23.39
23,1,14.0,0.43,25.39
23,2,0.0,-0.61,24.39
23,2,1.0,1.39,24.39
23,2,2.0,0.39,24.39
23,2,3.0,0.39,23.39
23,2,4.0,0.39,25.39
23,2,5.0,3.93,0.40
23,2,6.0,5.93,0.40
23,2,7.0,4.93,0.40
23,2,8.0,4.93,-0.6
23,2,9.0,4.93,1.4
23,2,10.0,-1.32,24.39
23,2,11.0,0.68,24.39
23,2,12.0,-0.32,24.39
23,2,13.0,-0.32,23.39
23,2,14.0,-0.32,25.39
24,0,0.0,2.58,-0.01
24,0,1.0,4.58,-0.01
24,0,2.0,3.58,-0.01
24,0,3.0,3.58,-1.01
24,0,4.0,3.58,0.99
24,0,5.0,3.3,-1.00
24,0,6.0,5.3,-1.00
24,0,7.0,4.30,-1.00
24,0,8.0,4.30,-2.0
24,0,9.0,4.30,0.0
24,0,10.0,0.62,24.92
24,0,11.0,2.62,24.92
24,0,12.0,1.62,24.92
24,0,13.0,1.62,23.92
24,0,14.0,1.62,25.92
24,1,0.0,6.86,19.33
24,1,1.0,8.86,19.33
24,1,2.0,7.86,19.33
24,1,3.0,7.86,18.33
24,1,4.0,7.86,20.33
24,1,5.0,3.29,-0.98
24,1,6.0,5.29,-0.98
24,1,7.0,4.29,-0.98
24,1,8.0,4.29,-1.98
24,1,9.0,4.29,0.02
24,1,10.0,3.37,26.18
24,1,11.0,5.37,26.18
24,1,12.0,4.37,26.18
24,1,13.0,4.37,25.18
24,1,14.0,4.37,27.18
24,2,0.0,8.76,26.71
24,2,1.0,10.76,26.71
24,2,2.0,9.76,26.71
24,2,3.0,9.76,25.71
24,2,4.0,9.76,27.71
24,2,5.0,3.39,1.60
24,2,6.0,5.39,1.60
24,2,7.0,4.39,1.60
24,2,8.0,4.39,0.6
24,2,9.0,4.39,2.6
24,2,10.0,6.88,27.19
24,2,11.0,8.88,27.19
24,2,12.0,7.88,27.19
24,2,13.0,7.88,26.19
24,2,14.0,7.88,28.19
25,0,0.0,3.97,0.47
25,0,1.0,5.97,0.47
25,0,2.0,4.97,0.47
25,0,3.0,4.97,-0.53
25,0,4.0,4.97,1.47
25,0,5.0,4.03,-0.26
25,0,6.0,6.03,-0.26
25,0,7.0,5.03,-0.26
25,0,8.0,5.03,-1.26
25,0,9.0,5.03,0.74
25,0,10.0,-0.66,26.62
25,0,11.0,1.34,26.62
25,0,12.0,0.34,26.62
25,0,13.0,0.34,25.62
25,0,14.0,0.34,27.62
25,1,0.0,2.62,17.30
25,1,1.0,4.62,17.30
25,1,2.0,3.62,17.30
25,1,3.0,3.62,16.3
25,1,4.0,3.62,18.3
25,1,5.0,4.01,0.60
25,1,6.0,6.01,0.60
25,1,7.0,5.01,0.60
25,1,8.0,5.01,-0.4
25,1,9.0,5.01,1.6
25,1,10.0,-0.53,25.90
25,1,11.0,1.47,25.90
25,1,12.0,0.47,25.90
25,1,13.0,0.47,24.9
25,1,14.0,0.47,26.9
25,2,0.0,1.71,25.69
25,2,1.0,3.71,25.69
25,2,2.0,2.71,25.69
25,2,3.0,2.71,24.69
25,2,4.0,2.71,26.69
25,2,5.0,3.67,1.26
25,2,6.0,5.67,1.26
25,2,7.0,4.67,1.26
25,2,8.0,4.67,0.26
25,2,9.0,4.67,2.26
25,2,10.0,0.31,25.70
25,2,11.0,2.31,25.70
25,2,12.0,1.31,25.70
25,2,13.0,1.31,24.7
25,2,14.0,1.31,26.7
26,0,0.0,3.71,4.68
26,0,1.0,5.71,4.68
26,0,2.0,4.71,4.68
26,0,3.0,4.71,3.68
26,0,4.0,4.71,5.68
26,0,5.0,2.43,3.67
26,0,6.0,4.43,3.67
26,0,7.0,3.43,3.67
26,0,8.0,3.43,2.67
26,0,9.0,3.43,4.67
26,0,10.0,2.97,27.25
26,0,11.0,4.97,27.25
26,0,12.0,3.97,27.25
26,0,13.0,3.97,26.25
26,0,14.0,3.97,28.25
26,1,0.0,-0.39,21.47
26,1,1.0,1.61,21.47
26,1,2.0,0.61,21.47
26,1,3.0,0.61,20.47
26,1,4.0,0.61,22.47
26,1,5.0,2.58,5.19
26,1,6.0,4.58,5.19
26,1,7.0,3.58,5.19
26,1,8.0,3.58,4.19
26,1,9.0,3.58,6.19
26,1,10.0,1.21,27.37
26,1,11.0,3.21,27.37
26,1,12.0,2.21,27.37
26,1,13.0,2.21,26.37
26,1,14.0,2.21,28.37
26,2,0.0,-1.64,26.89
26,2,1.0,0.36,26.89
26,2,2.0,-0.64,26.89
26,2,3.0,-0.64,25.89
26,2,4.0,-0.64,27.89
26,2,5.0,2.4,6.13
26,2,6.0,4.4,6.13
26,2,7.0,3.40,6.13
26,2,8.0,3.40,5.13
26,2,9.0,3.40,7.13
26,2,10.0,-0.29,27.32
26,2,11.0,1.71,27.32
26,2,12.0,0.71,27.32
26,2,13.0,0.71,26.32
26,2,14.0,0.71,28.32
27,0,0.0,3.99,0.17
27,0,1.0,5.99,0.17
27,0,2.0,4.99,0.17
27,0,3.0,4.99,-0.83
27,0,4.0,4.99,1.17
27,0,5.0,4.08,-0.09
27,0,6.0,6.08,-0.09
27,0,7.0,5.08,-0.09
27,0,8.0,5.08,-1.09
27,0,9.0,5.08,0.91
27,0,10.0,-0.75,26.70
27,0,11.0,1.25,26.70
27,0,12.0,0.25,26.70
27,0,13.0,0.25,25.7
27,0,14.0,0.25,27.7
27,1,0.0,-0.05,17.21
27,1,1.0,1.95,17.21
27,1,2.0,0.95,17.21
27,1,3.0,0.95,16.21
27,1,4.0,0.95,18.21
27,1,5.0,4.09,0.56
27,1,6.0,6.09,0.56
27,1,7.0,5.09,0.56
27,1,8.0,5.09,-0.44
27,1,9.0,5.09,1.56
27,1,10.0,-0.76,25.81
27,1,11.0,1.24,25.81
27,1,12.0,0.24,25.81
27,1,13.0,0.24,24.81
27,1,14.0,0.24,26.81
27,2,0.0,-2.83,24.96
27,2,1.0,-0.83,24.96
27,2,2.0,-1.83,24.96
27,2,3.0,-1.83,23.96
27,2,4.0,-1.83,25.96
27,2,5.0,4.1,1.00
27,2,6.0,6.1,1.00
27,2,7.0,5.10,1.00
27,2,8.0,5.10,0.0
27,2,9.0,5.10,2.0
27,2,10.0,-1.52,25.60
27,2,11.0,0.48,25.60
27,2,12.0,-0.52,25.60
27,2,13.0,-0.52,24.6
27,2,14.0,-0.52,26.6
28,0,0.0,-0.69,-1.18
28,0,1.0,1.31,-1.18
28,0,2.0,0.31,-1.18
28,0,3.0,0.31,-2.18
28,0,4.0,0.31,-0.18
28,0,5.0,0.33,-1.82
28,0,6.0,2.33,-1.82
28,0,7.0,1.33,-1.82
28,0,8.0,1.33,-2.82
28,0,9.0,1.33,-0.82
28,0,10.0,0.88,24.94
28,0,11.0,2.88,24.94
28,0,12.0,1.88,24.94
28,0,13.0,1.88,23.94
28,0,14.0,1.88,25.94
28,1,0.0,5.1,19.66
28,1,1.0,7.1,19.66
28,1,2.0,6.10,19.66
28,1,3.0,6.10,18.66
28,1,4.0,6.10,20.66
28,1,5.0,-0.5,-2.50
28,1,6.0,1.5,-2.50
28,1,7.0,0.50,-2.50
28,1,8.0,0.50,-3.5
28,1,9.0,0.50,-1.5
28,1,10.0,4.21,24.98
28,1,11.0,6.21,24.98
28,1,12.0,5.21,24.98
28,1,13.0,5.21,23.98
28,1,14.0,5.21,25.98
28,2,0.0,6.36,24.62
28,2,1.0,8.36,24.62
28,2,2.0,7.36,24.62
28,2,3.0,7.36,23.62
28,2,4.0,7.36,25.62
28,2,5.0,0.56,-2.22
28,2,6.0,2.56,-2.22
28,2,7.0,1.56,-2.22
28,2,8.0,1.56,-3.22
28,2,9.0,1.56,-1.22
28,2,10.0,5.52,25.26
28,2,11.0,7.52,25.26
28,2,12.0,6.52,25.26
28,2,13.0,6.52,24.26
28,2,14.0,6.52,26.26
29,0,0.0,4.0,0.37
29,0,1.0,6.0,0.37
29,0,2.0,5.00,0.37
29,0,3.0,5.00,-0.63
29,0,4.0,5.00,1.37
29,0,5.0,4.02,-0.22
29,0,6.0,6.02,-0.22
29,0,7.0,5.02,-0.22
29,0,8.0,5.02,-1.22
29,0,9.0,5.02,0.78
29,0,10.0,-0.58,24.66
29,0,11.0,1.42,24.66
29,0,12.0,0.42,24.66
29,0,13.0,0.42,23.66
29,0,14.0,0.42,25.66
29,1,0.0,-0.38,17.47
29,1,1.0,1.62,17.47
29,1,2.0,0.62,17.47
29,1,3.0,0.62,16.47
29,1,4.0,0.62,18.47
29,1,5.0,3.94,0.84
29,1,6.0,5.94,0.84
29,1,7.0,4.94,0.84
29,1,8.0,4.94,-0.16
29,1,9.0,4.94,1.84
29,1,10.0,-0.5,24.00
29,1,11.0,1.5,24.00
29,1,12.0,0.50,24.00
29,1,13.0,0.50,23.0
29,1,14.0,0.50,25.0
29,2,0.0,-2.14,23.78
29,2,1.0,-0.14,23.78
29,2,2.0,-1.14,23.78
29,2,3.0,-1.14,22.78
29,2,4.0,-1.14,24.78
29,2,5.0,3.84,0.96
29,2,6.0,5.84,0.96
29,2,7.0,4.84,0.96
29,2,8.0,4.84,-0.04
29,2,9.0,4.84,1.96
29,2,10.0,-0.91,23.72
29,2,11.0,1.09,23.72
29,2,12.0,0.09,23.72
29,2,13.0,0.09,22.72
29,2,14.0,0.09,24.72
30,0,0.0,3.7,1.31
30,0,1.0,5.7,1.31
30,0,2.0,4.70,1.31
30,0,3.0,4.70,0.31
30,0,4.0,4.70,2.31
30,0,5.0,2.53,0.38
30,0,6.0,4.53,0.38
30,0,7.0,3.53,0.38
30,0,8.0,3.53,-0.62
30,0,9.0,3.53,1.38
30,0,10.0,0.39,24.92
30,0,11.0,2.39,24.92
30,0,12.0,1.39,24.92
30,0,13.0,1.39,23.92
30,0,14.0,1.39,25.92
30,1,0.0,5.69,19.77
30,1,1.0,7.69,19.77
30,1,2.0,6.69,19.77
30,1,3.0,6.69,18.77
30,1,4.0,6.69,20.77
30,1,5.0,2.27,0.86
30,1,6.0,4.27,0.86
30,1,7.0,3.27,0.86
30,1,8.0,3.27,-0.14
30,1,9.0,3.27,1.86
30,1,10.0,2.82,26.22
30,1,11.0,4.82,26.22
30,1,12.0,3.82,26.22
30,1,13.0,3.82,25.22
30,1,14.0,3.82,27.22
30,2,0.0,6.31,26.66
30,2,1.0,8.31,26.66
30,2,2.0,7.31,26.66
30,2,3.0,7.31,25.66
30,2,4.0,7.31,27.66
30,2,5.0,2.13,0.16
30,2,6.0,4.13,0.16
30,2,7.0,3.13,0.16
30,2,8.0,3.13,-0.84
30,2,9.0,3.13,1.16
30,2,10.0,5.04,27.08
30,2,11.0,7.04,27.08
30,2,12.0,6.04,27.08
30,2,13.0,6.04,26.08
30,2,14.0,6.04,28.08
31,0,0.0,4.08,0.39
31,0,1.0,6.08,0.39
31,0,2.0,5.08,0.39
31,0,3.0,5.08,-0.61
31,0,4.0,5.08,1.39
31,0,5.0,4.0,-0.16
31,0,6.0,6.0,-0.16
31,0,7.0,5.00,-0.16
31,0,8.0,5.00,-1.16
31,0,9.0,5.00,0.84
31,0,10.0,-0.69,26.44
31,0,11.0,1.31,26.44
31,0,12.0,0.31,26.44
31,0,13.0,0.31,25.44
31,0,14.0,0.31,27.44
31,1,0.0,0.02,17.11
31,1,1.0,2.02,17.11
31,1,2.0,1.02,17.11
31,1,3.0,1.02,16.11
31,1,4.0,1.02,18.11
31,1,5.0,4.07,1.11
31,1,6.0,6.07,1.11
31,1,7.0,5.07,1.11
31,1,8.0,5.07,0.11
31,1,9.0,5.07,2.11
31,1,10.0,-0.76,25.64
31,1,11.0,1.24,25.64
31,1,12.0,0.24,25.64
31,1,13.0,0.24,24.64
31,1,14.0,0.24,26.64
31,2,0.0,-2.55,25.14
31,2,1.0,-0.55,25.14
31,2,2.0,-1.55,25.14
31,2,3.0,-1.55,24.14
31,2,4.0,-1.55,26.14
31,2,5.0,3.98,0.72
31,2,6.0,5.98,0.72
31,2,7.0,4.98,0.72
31,2,8.0,4.98,-0.28
31,2,9.0,4.98,1.72
31,2,10.0,-1.31,25.63
31,2,11.0,0.69,25.63
31,2,12.0,-0.31,25.63
31,2,13.0,-0.31,24.63
31,2,14.0,-0.31,26.63
32,0,0.0,1.43,4.04
32,0,1.0,3.43,4.04
32,0,2.0,2.43,4.04
32,0,3.0,2.43,3.04
32,0,4.0,2.43,5.04
32,0,5.0,2.2,3.34
32,0,6.0,4.2,3.34
32,0,7.0,3.20,3.34
32,0,8.0,3.20,2.34
32,0,9.0,3.20,4.34
32,0,10.0,0.55,25.00
32,0,11.0,2.55,25.00
32,0,12.0,1.55,25.00
32,0,13.0,1.55,24.0
32,0,14.0,1.55,26.0
32,1,0.0,6.79,22.77
32,1,1.0,8.79,22.77
32,1,2.0,7.79,22.77
32,1,3.0,7.79,21.77
32,1,4.0,7.79,23.77
32,1,5.0,2.91,6.56
32,1,6.0,4.91,6.56
32,1,7.0,3.91,6.56
32,1,8.0,3.91,5.56
32,1,9.0,3.91,7.56
32,1,10.0,5.5,25.43
32,1,11.0,7.5,25.43
32,1,12.0,6.50,25.43
32,1,13.0,6.50,24.43
32,1,14.0,6.50,26.43
32,2,0.0,7.48,25.22
32,2,1.0,9.48,25.22
32,2,2.0,8.48,25.22
32,2,3.0,8.48,24.22
32,2,4.0,8.48,26.22
32,2,5.0,3.13,6.80
32,2,6.0,5.13,6.80
32,2,7.0,4.13,6.80
32,2,8.0,4.13,5.8
32,2,9.0,4.13,7.8
32,2,10.0,6.45,25.74
32,2,11.0,8.45,25.74
32,2,12.0,7.45,25.74
32,2,13.0,7.45,24.74
32,2,14.0,7.45,26.74
33,0,0.0,4.0,0.45
33,0,1.0,6.0,0.45
33,0,2.0,5.00,0.45
33,0,3.0,5.00,-0.55
33,0,4.0,5.00,1.45
33,0,5.0,4.02,-0.15
33,0,6.0,6.02,-0.15
33,0,7.0,5.02,-0.15
33,0,8.0,5.02,-1.15
33,0,9.0,5.02,0.85
33,0,10.0,-0.72,26.23
33,0,11.0,1.28,26.23
33,0,12.0,0.28,26.23
33,0,13.0,0.28,25.23
33,0,14.0,0.28,27.23
33,1,0.0,2.66,17.46
33,1,1.0,4.66,17.46
33,1,2.0,3.66,17.46
33,1,3.0,3.66,16.46
33,1,4.0,3.66,18.46
33,1,5.0,3.95,0.60
33,1,6.0,5.95,0.60
33,1,7.0,4.95,0.60
33,1,8.0,4.95,-0.4
33,1,9.0,4.95,1.6
33,1,10.0,-0.56,26.12
33,1,11.0,1.44,26.12
33,1,12.0,0.44,26.12
33,1,13.0,0.44,25.12
33,1,14.0,0.44,27.12
33,2,0.0,1.58,25.71
33,2,1.0,3.58,25.71
33,2,2.0,2.58,25.71
33,2,3.0,2.58,24.71
33,2,4.0,2.58,26.71
33,2,5.0,3.76,0.69
33,2,6.0,5.76,0.69
33,2,7.0,4.76,0.69
33,2,8.0,4.76,-0.31
33,2,9.0,4.76,1.69
33,2,10.0,0.43,25.97
33,2,11.0,2.43,25.97
33,2,12.0,1.43,25.97
33,2,13.0,1.43,24.97
33,2,14.0,1.43,26.97
34,0,0.0,3.75,1.91
34,0,1.0,5.75,1.91
34,0,2.0,4.75,1.91
34,0,3.0,4.75,0.91
34,0,4.0,4.75,2.91
34,0,5.0,2.61,1.91
34,0,6.0,4.61,1.91
34,0,7.0,3.61,1.91
34,0,8.0,3.61,0.91
34,0,9.0,3.61,2.91
34,0,10.0,2.72,27.93
34,0,11.0,4.72,27.93
34,0,12.0,3.72,27.93
34,0,13.0,3.72,26.93
34,0,14.0,3.72,28.93
34,1,0.0,0.44,19.77
34,1,1.0,2.44,19.77
34,1,2.0,1.44,19.77
34,1,3.0,1.44,18.77
34,1,4.0,1.44,20.77
34,1,5.0,2.67,2.38
34,1,6.0,4.67,2.38
34,1,7.0,3.67,2.38
34,1,8.0,3.67,1.38
34,1,9.0,3.67,3.38
34,1,10.0,1.74,27.59
34,1,11.0,3.74,27.59
34,1,12.0,2.74,27.59
34,1,13.0,2.74,26.59
34,1,14.0,2.74,28.59
34,2,0.0,-1.27,27.88
34,2,1.0,0.73,27.88
34,2,2.0,-0.27,27.88
34,2,3.0,-0.27,26.88
34,2,4.0,-0.27,28.88
34,2,5.0,2.66,3.91
34,2,6.0,4.66,3.91
34,2,7.0,3.66,3.91
34,2,8.0,3.66,2.91
34,2,9.0,3.66,4.91
34,2,10.0,-0.12,28.29
34,2,11.0,1.88,28.29
34,2,12.0,0.88,28.29
34,2,13.0,0.88,27.29
34,2,14.0,0.88,29.29
35,0,0.0,3.24,7.02
35,0,1.0,5.24,7.02
35,0,2.0,4.24,7.02
35,0,3.0,4.24,6.02
35,0,4.0,4.24,8.02
35,0,5.0,2.63,6.21
35,0,6.0,4.63,6.21
35,0,7.0,3.63,6.21
35,0,8.0,3.63,5.21
35,0,9.0,3.63,7.21
35,0,10.0,-1.33,26.70
35,0,11.0,0.67,26.70
35,0,12.0,-0.33,26.70
35,0,13.0,-0.33,25.7
35,0,14.0,-0.33,27.7
35,1,0.0,4.78,17.56
35,1,1.0,6.78,17.56
35,1,2.0,5.78,17.56
35,1,3.0,5.78,16.56
35,1,4.0,5.78,18.56
35,1,5.0,2.89,7.91
35,1,6.0,4.89,7.91
35,1,7.0,3.89,7.91
35,1,8.0,3.89,6.91
35,1,9.0,3.89,8.91
35,1,10.0,2.18,23.37
35,1,11.0,4.18,23.37
35,1,12.0,3.18,23.37
35,1,13.0,3.18,22.37
35,1,14.0,3.18,24.37
35,2,0.0,5.5,19.38
35,2,1.0,7.5,19.38
35,2,2.0,6.50,19.38
35,2,3.0,6.50,18.38
35,2,4.0,6.50,20.38
35,2,5.0,3.47,7.79
35,2,6.0,5.47,7.79
35,2,7.0,4.47,7.79
35,2,8.0,4.47,6.79
35,2,9.0,4.47,8.79
35,2,10.0,4.56,19.50
35,2,11.0,6.56,19.50
35,2,12.0,5.56,19.50
35,2,13.0,5.56,18.5
35,2,14.0,5.56,20.5
36,0,0.0,3.79,0.23
36,0,1.0,5.79,0.23
36,0,2.0,4.79,0.23
36,0,3.0,4.79,-0.77
36,0,4.0,4.79,1.23
36,0,5.0,4.08,-0.24
36,0,6.0,6.08,-0.24
36,0,7.0,5.08,-0.24
36,0,8.0,5.08,-1.24
36,0,9.0,5.08,0.76
36,0,10.0,-0.7,27.11
36,0,11.0,1.3,27.11
36,0,12.0,0.30,27.11
36,0,13.0,0.30,26.11
36,0,14.0,0.30,28.11
36,1,0.0,2.77,17.74
36,1,1.0,4.77,17.74
36,1,2.0,3.77,17.74
36,1,3.0,3.77,16.74
36,1,4.0,3.77,18.74
36,1,5.0,3.95,0.77
36,1,6.0,5.95,0.77
36,1,7.0,4.95,0.77
36,1,8.0,4.95,-0.23
36,1,9.0,4.95,1.77
36,1,10.0,-0.54,26.41
36,1,11.0,1.46,26.41
36,1,12.0,0.46,26.41
36,1,13.0,0.46,25.41
36,1,14.0,0.46,27.41
36,2,0.0,1.77,26.10
36,2,1.0,3.77,26.10
36,2,2.0,2.77,26.10
36,2,3.0,2.77,25.1
36,2,4.0,2.77,27.1
36,2,5.0,3.65,0.95
36,2,6.0,5.65,0.95
36,2,7.0,4.65,0.95
36,2,8.0,4.65,-0.05
36,2,9.0,4.65,1.95
36,2,10.0,0.3,26.29
36,2,11.0,2.3,26.29
36,2,12.0,1.30,26.29
36,2,13.0,1.30,25.29
36,2,14.0,1.30,27.29
37,0,0.0,1.51,-1.19
37,0,1.0,3.51,-1.19
37,0,2.0,2.51,-1.19
37,0,3.0,2.51,-2.19
37,0,4.0,2.51,-0.19
37,0,5.0,0.59,-1.13
37,0,6.0,2.59,-1.13
37,0,7.0,1.59,-1.13
37,0,8.0,1.59,-2.13
37,0,9.0,1.59,-0.13
37,0,10.0,3.39,26.34
37,0,11.0,5.39,26.34
37,0,12.0,4.39,26.34
37,0,13.0,4.39,25.34
37,0,14.0,4.39,27.34
37,1,0.0,5.91,21.27
37,1,1.0,7.91,21.27
37,1,2.0,6.91,21.27
37,1,3.0,6.91,20.27
37,1,4.0,6.91,22.27
37,1,5.0,-0.18,-2.76
37,1,6.0,1.82,-2.76
37,1,7.0,0.82,-2.76
37,1,8.0,0.82,-3.76
37,1,9.0,0.82,-1.76
37,1,10.0,5.16,24.58
37,1,11.0,7.16,24.58
37,1,12.0,6.16,24.58
37,1,13.0,6.16,23.58
37,1,14.0,6.16,25.58
37,2,0.0,6.37,24.17
37,2,1.0,8.37,24.17
37,2,2.0,7.37,24.17
37,2,3.0,7.37,23.17
37,2,4.0,7.37,25.17
37,2,5.0,0.31,-2.83
37,2,6.0,2.31,-2.83
37,2,7.0,1.31,-2.83
37,2,8.0,1.31,-3.83
37,2,9.0,1.31,-1.83
37,2,10.0,5.44,24.23
37,2,11.0,7.44,24.23
37,2,12.0,6.44,24.23
37,2,13.0,6.44,23.23
37,2,14.0,6.44,25.23
38,0,0.0,4.03,-0.15
38,0,1.0,6.03,-0.15
38,0,2.0,5.03,-0.15
38,0,3.0,5.03,-1.15
38,0,4.0,5.03,0.85
38,0,5.0,4.04,-0.40
38,0,6.0,6.04,-0.40
38,0,7.0,5.04,-0.40
38,0,8.0,5.04,-1.4
38,0,9.0,5.04,0.6
38,0,10.0,-0.79,26.52
38,0,11.0,1.21,26.52
38,0,12.0,0.21,26.52
38,0,13.0,0.21,25.52
38,0,14.0,0.21,27.52
38,1,0.0,2.45,16.55
38,1,1.0,4.45,16.55
38,1,2.0,3.45,16.55
38,1,3.0,3.45,15.55
38,1,4.0,3.45,17.55
38,1,5.0,4.0,0.69
38,1,6.0,6.0,0.69
38,1,7.0,5.00,0.69
38,1,8.0,5.00,-0.31
38,1,9.0,5.00,1.69
38,1,10.0,-0.65,26.15
38,1,11.0,1.35,26.15
38,1,12.0,0.35,26.15
38,1,13.0,0.35,25.15
38,1,14.0,0.35,27.15
38,2,0.0,1.2,26.44
38,2,1.0,3.2,26.44
38,2,2.0,2.20,26.44
38,2,3.0,2.20,25.44
38,2,4.0,2.20,27.44
38,2,5.0,3.67,0.84
38,2,6.0,5.67,0.84
38,2,7.0,4.67,0.84
38,2,8.0,4.67,-0.16
38,2,9.0,4.67,1.84
38,2,10.0,0.24,26.42
38,2,11.0,2.24,26.42
38,2,12.0,1.24,26.42
38,2,13.0,1.24,25.42
38,2,14.0,1.24,27.42
39,0,0.0,1.34,0.31
39,0,1.0,3.34,0.31
39,0,2.0,2.34,0.31
39,0,3.0,2.34,-0.69
39,0,4.0,2.34,1.31
39,0,5.0,2.12,0.08
39,0,6.0,4.12,0.08
39,0,7.0,3.12,0.08
39,0,8.0,3.12,-0.92
39,0,9.0,3.12,1.08
39,0,10.0,2.78,26.23
39,0,11.0,4.78,26.23
39,0,12.0,3.78,26.23
39,0,13.0,3.78,25.23
39,0,14.0,3.78,27.23
39,1,0.0,-0.26,14.68
39,1,1.0,1.74,14.68
39,1,2.0,0.74,14.68
39,1,3.0,0.74,13.68
39,1,4.0,0.74,15.68
39,1,5.0,2.67,-0.00
39,1,6.0,4.67,-0.00
39,1,7.0,3.67,-0.00
39,1,8.0,3.67,-1.0
39,1,9.0,3.67,1.0
39,1,10.0,1.41,22.11
39,1,11.0,3.41,22.11
39,1,12.0,2.41,22.11
39,1,13.0,2.41,21.11
39,1,14.0,2.41,23.11
39,2,0.0,-1.06,17.36
39,2,1.0,0.94,17.36
39,2,2.0,-0.06,17.36
39,2,3.0,-0.06,16.36
39,2,4.0,-0.06,18.36
39,2,5.0,2.92,1.97
39,2,6.0,4.92,1.97
39,2,7.0,3.92,1.97
39,2,8.0,3.92,0.97
39,2,9.0,3.92,2.97
39,2,10.0,-0.29,17.51
39,2,11.0,1.71,17.51
39,2,12.0,0.71,17.51
39,2,13.0,0.71,16.51
39,2,14.0,0.71,18.51
40,0,0.0,-0.78,4.12
40,0,1.0,1.22,4.12
40,0,2.0,0.22,4.12
40,0,3.0,0.22,3.12
40,0,4.0,0.22,5.12
40,0,5.0,0.73,3.49
40,0,6.0,2.73,3.49
40,0,7.0,1.73,3.49
40,0,8.0,1.73,2.49
40,0,9.0,1.73,4.49
40,0,10.0,-0.5,13.68
40,0,11.0,1.5,13.68
40,0,12.0,0.50,13.68
40,0,13.0,0.50,12.68
40,0,14.0,0.50,14.68
40,1,0.0,6.08,23.80
40,1,1.0,8.08,23.80
40,1,2.0,7.08,23.80
40,1,3.0,7.08,22.8
40,1,4.0,7.08,24.8
40,1,5.0,-0.43,2.21
40,1,6.0,1.57,2.21
40,1,7.0,0.57,2.21
40,1,8.0,0.57,1.21
40,1,9.0,0.57,3.21
40,1,10.0,4.96,20.03
40,1,11.0,6.96,20.03
40,1,12.0,5.96,20.03
40,1,13.0,5.96,19.03
40,1,14.0,5.96,21.03
40,2,0.0,7.85,27.55
40,2,1.0,9.85,27.55
40,2,2.0,8.85,27.55
40,2,3.0,8.85,26.55
40,2,4.0,8.85,28.55
40,2,5.0,2.82,5.02
40,2,6.0,4.82,5.02
40,2,7.0,3.82,5.02
40,2,8.0,3.82,4.02
40,2,9.0,3.82,6.02
40,2,10.0,8.02,27.36
40,2,11.0,10.02,27.36
40,2,12.0,9.02,27.36
40,2,13.0,9.02,26.36
40,2,14.0,9.02,28.36
41,0,0.0,4.02,0.65
41,0,1.0,6.02,0.65
41,0,2.0,5.02,0.65
41,0,3.0,5.02,-0.35
41,0,4.0,5.02,1.65
41,0,5.0,4.07,-0.07
41,0,6.0,6.07,-0.07
41,0,7.0,5.07,-0.07
41,0,8.0,5.07,-1.07
41,0,9.0,5.07,0.93
41,0,10.0,-0.65,27.29
41,0,11.0,1.35,27.29
41,0,12.0,0.35,27.29
41,0,13.0,0.35,26.29
41,0,14.0,0.35,28.29
41,1,0.0,2.69,17.65
41,1,1.0,4.69,17.65
41,1,2.0,3.69,17.65
41,1,3.0,3.69,16.65
41,1,4.0,3.69,18.65
41,1,5.0,4.05,0.58
41,1,6.0,6.05,0.58
41,1,7.0,5.05,0.58
41,1,8.0,5.05,-0.42
41,1,9.0,5.05,1.58
41,1,10.0,-0.48,26.75
41,1,11.0,1.52,26.75
41,1,12.0,0.52,26.75
41,1,13.0,0.52,25.75
41,1,14.0,0.52,27.75
41,2,0.0,1.91,26.89
41,2,1.0,3.91,26.89
41,2,2.0,2.91,26.89
41,2,3.0,2.91,25.89
41,2,4.0,2.91,27.89
41,2,5.0,3.71,1.00
41,2,6.0,5.71,1.00
41,2,7.0,4.71,1.00
41,2,8.0,4.71,0.0
41,2,9.0,4.71,2.0
41,2,10.0,0.54,27.05
41,2,11.0,2.54,27.05
41,2,12.0,1.54,27.05
41,2,13.0,1.54,26.05
41,2,14.0,1.54,28.05
42,0,0.0,4.14,1.47
42,0,1.0,6.14,1.47
42,0,2.0,5.14,1.47
42,0,3.0,5.14,0.47
42,0,4.0,5.14,2.47
42,0,5.0,3.0,0.79
42,0,6.0,5.0,0.79
42,0,7.0,4.00,0.79
42,0,8.0,4.00,-0.21
42,0,9.0,4.00,1.79
42,0,10.0,3.06,27.26
42,0,11.0,5.06,27.26
42,0,12.0,4.06,27.26
42,0,13.0,4.06,26.26
42,0,14.0,4.06,28.26
42,1,0.0,0.81,20.43
42,1,1.0,2.81,20.43
42,1,2.0,1.81,20.43
42,1,3.0,1.81,19.43
42,1,4.0,1.81,21.43
42,1,5.0,3.16,0.86
42,1,6.0,5.16,0.86
42,1,7.0,4.16,0.86
42,1,8.0,4.16,-0.14
42,1,9.0,4.16,1.86
42,1,10.0,1.84,27.43
42,1,11.0,3.84,27.43
42,1,12.0,2.84,27.43
42,1,13.0,2.84,26.43
42,1,14.0,2.84,28.43
42,2,0.0,-0.38,26.76
42,2,1.0,1.62,26.76
42,2,2.0,0.62,26.76
42,2,3.0,0.62,25.76
42,2,4.0,0.62,27.76
42,2,5.0,3.36,0.51
42,2,6.0,5.36,0.51
42,2,7.0,4.36,0.51
42,2,8.0,4.36,-0.49
42,2,9.0,4.36,1.51
42,2,10.0,0.66,26.46
42,2,11.0,2.66,26.46
42,2,12.0,1.66,26.46
42,2,13.0,1.66,25.46
42,2,14.0,1.66,27.46
43,0,0.0,0.47,-1.30
43,0,1.0,2.47,-1.30
43,0,2.0,1.47,-1.30
43,0,3.0,1.47,-2.3
43,0,4.0,1.47,-0.3
43,0,5.0,1.39,-2.12
43,0,6.0,3.39,-2.12
43,0,7.0,2.39,-2.12
43,0,8.0,2.39,-3.12
43,0,9.0,2.39,-1.12
43,0,10.0,2.02,26.12
43,0,11.0,4.02,26.12
43,0,12.0,3.02,26.12
43,0,13.0,3.02,25.12
43,0,14.0,3.02,27.12
43,1,0.0,5.72,19.14
43,1,1.0,7.72,19.14
43,1,2.0,6.72,19.14
43,1,3.0,6.72,18.14
43,1,4.0,6.72,20.14
43,1,5.0,0.91,-2.29
43,1,6.0,2.91,-2.29
43,1,7.0,1.91,-2.29
43,1,8.0,1.91,-3.29
43,1,9.0,1.91,-1.29
43,1,10.0,4.66,25.92
43,1,11.0,6.66,25.92
43,1,12.0,5.66,25.92
43,1,13.0,5.66,24.92
43,1,14.0,5.66,26.92
43,2,0.0,7.39,24.87
43,2,1.0,9.39,24.87
43,2,2.0,8.39,24.87
43,2,3.0,8.39,23.87
43,2,4.0,8.39,25.87
43,2,5.0,1.57,-1.81
43,2,6.0,3.57,-1.81
43,2,7.0,2.57,-1.81
43,2,8.0,2.57,-2.81
43,2,9.0,2.57,-0.81
43,2,10.0,6.48,25.56
43,2,11.0,8.48,25.56
43,2,12.0,7.48,25.56
43,2,13.0,7.48,24.56
43,2,14.0,7.48,26.56
44,0,0.0,3.94,0.66
44,0,1.0,5.94,0.66
44,0,2.0,4.94,0.66
44,0,3.0,4.94,-0.34
44,0,4.0,4.94,1.66
44,0,5.0,4.04,-0.15
44,0,6.0,6.04,-0.15
44,0,7.0,5.04,-0.15
44,0,8.0,5.04,-1.15
44,0,9.0,5.04,0.85
44,0,10.0,-0.34,25.07
44,0,11.0,1.66,25.07
44,0,12.0,0.66,25.07
44,0,13.0,0.66,24.07
44,0,14.0,0.66,26.07
44,1,0.0,-0.15,17.47
44,1,1.0,1.85,17.47
44,1,2.0,0.85,17.47
44,1,3.0,0.85,16.47
44,1,4.0,0.85,18.47
44,1,5.0,3.9,0.97
44,1,6.0,5.9,0.97
44,1,7.0,4.90,0.97
44,1,8.0,4.90,-0.03
44,1,9.0,4.90,1.97
44,1,10.0,-0.18,24.23
44,1,11.0,1.82,24.23
44,1,12.0,0.82,24.23
44,1,13.0,0.82,23.23
44,1,14.0,0.82,25.23
44,2,0.0,-1.82,23.32
44,2,1.0,0.18,23.32
44,2,2.0,-0.82,23.32
44,2,3.0,-0.82,22.32
44,2,4.0,-0.82,24.32
44,2,5.0,3.74,1.02
44,2,6.0,5.74,1.02
44,2,7.0,4.74,1.02
44,2,8.0,4.74,0.02
44,2,9.0,4.74,2.02
44,2,10.0,-0.83,23.88
44,2,11.0,1.17,23.88
44,2,12.0,0.17,23.88
44,2,13.0,0.17,22.88
44,2,14.0,0.17,24.88
45,0,0.0,6.36,0.56
45,0,1.0,8.36,0.56
45,0,2.0,7.36,0.56
45,0,3.0,7.36,-0.44
45,0,4.0,7.36,1.56
45,0,5.0,5.22,0.18
45,0,6.0,7.22,0.18
45,0,7.0,6.22,0.18
45,0,8.0,6.22,-0.82
45,0,9.0,6.22,1.18
45,0,10.0,-0.57,23.51
45,0,11.0,1.43,23.51
45,0,12.0,0.43,23.51
45,0,13.0,0.43,22.51
45,0,14.0,0.43,24.51
45,1,0.0,4.88,17.68
45,1,1.0,6.88,17.68
45,1,2.0,5.88,17.68
45,1,3.0,5.88,16.68
45,1,4.0,5.88,18.68
45,1,5.0,5.13,-0.96
45,1,6.0,7.13,-0.96
45,1,7.0,6.13,-0.96
45,1,8.0,6.13,-1.96
45,1,9.0,6.13,0.04
45,1,10.0,2.54,24.36
45,1,11.0,4.54,24.36
45,1,12.0,3.54,24.36
45,1,13.0,3.54,23.36
45,1,14.0,3.54,25.36
45,2,0.0,4.3,22.90
45,2,1.0,6.3,22.90
45,2,2.0,5.30,22.90
45,2,3.0,5.30,21.9
45,2,4.0,5.30,23.9
45,2,5.0,3.65,-1.23
45,2,6.0,5.65,-1.23
45,2,7.0,4.65,-1.23
45,2,8.0,4.65,-2.23
45,2,9.0,4.65,-0.23
45,2,10.0,3.43,23.35
45,2,11.0,5.43,23.35
45,2,12.0,4.43,23.35
45,2,13.0,4.43,22.35
45,2,14.0,4.43,24.35
46,0,0.0,4.72,7.75
46,0,1.0,6.72,7.75
46,0,2.0,5.72,7.75
46,0,3.0,5.72,6.75
46,0,4.0,5.72,8.75
46,0,5.0,3.93,6.95
46,0,6.0,5.93,6.95
46,0,7.0,4.93,6.95
46,0,8.0,4.93,5.95
46,0,9.0,4.93,7.95
46,0,10.0,3.06,22.92
46,0,11.0,5.06,22.92
46,0,12.0,4.06,22.92
46,0,13.0,4.06,21.92
46,0,14.0,4.06,23.92
46,1,0.0,6.6,21.63
46,1,1.0,8.6,21.63
46,1,2.0,7.60,21.63
46,1,3.0,7.60,20.63
46,1,4.0,7.60,22.63
46,1,5.0,4.31,8.49
46,1,6.0,6.31,8.49
46,1,7.0,5.31,8.49
46,1,8.0,5.31,7.49
46,1,9.0,5.31,9.49
46,1,10.0,4.89,24.03
46,1,11.0,6.89,24.03
46,1,12.0,5.89,24.03
46,1,13.0,5.89,23.03
46,1,14.0,5.89,25.03
46,2,0.0,6.95,24.25
46,2,1.0,8.95,24.25
46,2,2.0,7.95,24.25
46,2,3.0,7.95,23.25
46,2,4.0,7.95,25.25
46,2,5.0,4.06,8.21
46,2,6.0,6.06,8.21
46,2,7.0,5.06,8.21
46,2,8.0,5.06,7.21
46,2,9.0,5.06,9.21
46,2,10.0,6.02,24.67
46,2,11.0,8.02,24.67
46,2,12.0,7.02,24.67
46,2,13.0,7.02,23.67
46,2,14.0,7.02,25.67
47,0,0.0,3.96,0.70
47,0,1.0,5.96,0.70
47,0,2.0,4.96,0.70
47,0,3.0,4.96,-0.3
47,0,4.0,4.96,1.7
47,0,5.0,4.0,-0.23
47,0,6.0,6.0,-0.23
47,0,7.0,5.00,-0.23
47,0,8.0,5.00,-1.23
47,0,9.0,5.00,0.77
47,0,10.0,-0.7,26.41
47,0,11.0,1.3,26.41
47,0,12.0,0.30,26.41
47,0,13.0,0.30,25.41
47,0,14.0,0.30,27.41
47,1,0.0,2.9,16.85
47,1,1.0,4.9,16.85
47,1,2.0,3.90,16.85
47,1,3.0,3.90,15.85
47,1,4.0,3.90,17.85
47,1,5.0,3.95,0.44
47,1,6.0,5.95,0.44
47,1,7.0,4.95,0.44
47,1,8.0,4.95,-0.56
47,1,9.0,4.95,1.44
47,1,10.0,-0.58,26.18
47,1,11.0,1.42,26.18
47,1,12.0,0.42,26.18
47,1,13.0,0.42,25.18
47,1,14.0,0.42,27.18
47,2,0.0,2.17,26.02
47,2,1.0,4.17,26.02
47,2,2.0,3.17,26.02
47,2,3.0,3.17,25.02
47,2,4.0,3.17,27.02
47,2,5.0,3.83,0.99
47,2,6.0,5.83,0.99
47,2,7.0,4.83,0.99
47,2,8.0,4.83,-0.01
47,2,9.0,4.83,1.99
47,2,10.0,0.36,26.03
47,2,11.0,2.36,26.03
47,2,12.0,1.36,26.03
47,2,13.0,1.36,25.03
47,2,14.0,1.36,27.03
48,0,0.0,4.91,3.91
48,0,1.0,6.91,3.91
48,0,2.0,5.91,3.91
48,0,3.0,5.91,2.91
48,0,4.0,5.91,4.91
48,0,5.0,3.99,2.86
48,0,6.0,5.99,2.86
48,0,7.0,4.99,2.86
48,0,8.0,4.99,1.86
48,0,9.0,4.99,3.86
48,0,10.0,2.98,28.39
48,0,11.0,4.98,28.39
48,0,12.0,3.98,28.39
48,0,13.0,3.98,27.39
48,0,14.0,3.98,29.39
48,1,0.0,-0.08,21.01
48,1,1.0,1.92,21.01
48,1,2.0,0.92,21.01
48,1,3.0,0.92,20.01
48,1,4.0,0.92,22.01
48,1,5.0,3.51,3.29
48,1,6.0,5.51,3.29
48,1,7.0,4.51,3.29
48,1,8.0,4.51,2.29
48,1,9.0,4.51,4.29
48,1,10.0,1.0,28.15
48,1,11.0,3.0,28.15
48,1,12.0,2.00,28.15
48,1,13.0,2.00,27.15
48,1,14.0,2.00,29.15
48,2,0.0,-1.94,28.31
48,2,1.0,0.06,28.31
48,2,2.0,-0.94,28.31
48,2,3.0,-0.94,27.31
48,2,4.0,-0.94,29.31
48,2,5.0,3.21,4.54
48,2,6.0,5.21,4.54
48,2,7.0,4.21,4.54
48,2,8.0,4.21,3.54
48,2,9.0,4.21,5.54
48,2,10.0,-0.8,28.60
48,2,11.0,1.2,28.60
48,2,12.0,0.20,28.60
48,2,13.0,0.20,27.6
48,2,14.0,0.20,29.6
49,0,0.0,3.53,6.30
49,0,1.0,5.53,6.30
49,0,2.0,4.53,6.30
49,0,3.0,4.53,5.3
49,0,4.0,4.53,7.3
49,0,5.0,2.97,5.46
49,0,6.0,4.97,5.46
49,0,7.0,3.97,5.46
49,0,8.0,3.97,4.46
49,0,9.0,3.97,6.46
49,0,10.0,-3.13,27.66
49,0,11.0,-1.13,27.66
49,0,12.0,-2.13,27.66
49,0,13.0,-2.13,26.66
49,0,14.0,-2.13,28.66
49,1,0.0,5.76,19.25
49,1,1.0,7.76,19.25
49,1,2.0,6.76,19.25
49,1,3.0,6.76,18.25
49,1,4.0,6.76,20.25
49,1,5.0,2.37,5.00
49,1,6.0,4.37,5.00
49,1,7.0,3.37,5.00
49,1,8.0,3.37,4.0
49,1,9.0,3.37,6.0
49,1,10.0,0.32,25.74
49,1,11.0,2.32,25.74
49,1,12.0,1.32,25.74
49,1,13.0,1.32,24.74
49,1,14.0,1.32,26.74
49,2,0.0,6.74,23.02
49,2,1.0,8.74,23.02
49,2,2.0,7.74,23.02
49,2,3.0,7.74,22.02
49,2,4.0,7.74,24.02
49,2,5.0,3.29,6.30
49,2,6.0,5.29,6.30
49,2,7.0,4.29,6.30
49,2,8.0,4.29,5.3
49,2,9.0,4.29,7.3
49,2,10.0,5.5,23.36
49,2,11.0,7.5,23.36
49,2,12.0,6.50,23.36
49,2,13.0,6.50,22.36
49,2,14.0,6.50,24.36
50,0,0.0,3.99,0.82
50,0,1.0,5.99,0.82
50,0,2.0,4.99,0.82
50,0,3.0,4.99,-0.18
50,0,4.0,4.99,1.82
50,0,5.0,4.03,-0.30
50,0,6.0,6.03,-0.30
50,0,7.0,5.03,-0.30
50,0,8.0,5.03,-1.3
50,0,9.0,5.03,0.7
50,0,10.0,-0.69,25.26
50,0,11.0,1.31,25.26
50,0,12.0,0.31,25.26
50,0,13.0,0.31,24.26
50,0,14.0,0.31,26.26
50,1,0.0,0.83,17.50
50,1,1.0,2.83,17.50
50,1,2.0,1.83,17.50
50,1,3.0,1.83,16.5
50,1,4.0,1.83,18.5
50,1,5.0,4.06,0.66
50,1,6.0,6.06,0.66
50,1,7.0,5.06,0.66
50,1,8.0,5.06,-0.34
50,1,9.0,5.06,1.66
50,1,10.0,-0.18,24.17
50,1,11.0,1.82,24.17
50,1,12.0,0.82,24.17
50,1,13.0,0.82,23.17
50,1,14.0,0.82,25.17
50,2,0.0,-0.7,24.81
50,2,1.0,1.3,24.81
50,2,2.0,0.30,24.81
50,2,3.0,0.30,23.81
50,2,4.0,0.30,25.81
50,2,5.0,4.01,0.82
50,2,6.0,6.01,0.82
50,2,7.0,5.01,0.82
50,2,8.0,5.01,-0.18
50,2,9.0,5.01,1.82
50,2,10.0,0.17,24.56
50,2,11.0,2.17,24.56
50,2,12.0,1.17,24.56
50,2,13.0,1.17,23.56
50,2,14.0,1.17,25.56
51,0,0.0,6.9,0.65
51,0,1.0,8.9,0.65
51,0,2.0,7.90,0.65
51,0,3.0,7.90,-0.35
51,0,4.0,7.90,1.65
51,0,5.0,5.69,0.29
51,0,6.0,7.69,0.29
51,0,7.0,6.69,0.29
51,0,8.0,6.69,-0.71
51,0,9.0,6.69,1.29
51,0,10.0,1.89,25.90
51,0,11.0,3.89,25.90
51,0,12.0,2.89,25.90
51,0,13.0,2.89,24.9
51,0,14.0,2.89,26.9
51,1,0.0,5.1,21.57
51,1,1.0,7.1,21.57
51,1,2.0,6.10,21.57
51,1,3.0,6.10,20.57
51,1,4.0,6.10,22.57
51,1,5.0,5.38,0.53
51,1,6.0,7.38,0.53
51,1,7.0,6.38,0.53
51,1,8.0,6.38,-0.47
51,1,9.0,6.38,1.53
51,1,10.0,3.39,25.71
51,1,11.0,5.39,25.71
51,1,12.0,4.39,25.71
51,1,13.0,4.39,24.71
51,1,14.0,4.39,26.71
51,2,0.0,4.63,25.86
51,2,1.0,6.63,25.86
51,2,2.0,5.63,25.86
51,2,3.0,5.63,24.86
51,2,4.0,5.63,26.86
51,2,5.0,4.7,0.11
51,2,6.0,6.7,0.11
51,2,7.0,5.70,0.11
51,2,8.0,5.70,-0.89
51,2,9.0,5.70,1.11
51,2,10.0,3.9,26.24
51,2,11.0,5.9,26.24
51,2,12.0,4.90,26.24
51,2,13.0,4.90,25.24
51,2,14.0,4.90,27.24
52,0,0.0,1.43,0.15
52,0,1.0,3.43,0.15
52,0,2.0,2.43,0.15
52,0,3.0,2.43,-0.85
52,0,4.0,2.43,1.15
52,0,5.0,2.15,-0.85
52,0,6.0,4.15,-0.85
52,0,7.0,3.15,-0.85
52,0,8.0,3.15,-1.85
52,0,9.0,3.15,0.15
52,0,10.0,3.52,26.17
52,0,11.0,5.52,26.17
52,0,12.0,4.52,26.17
52,0,13.0,4.52,25.17
52,0,14.0,4.52,27.17
52,1,0.0,4.92,23.45
52,1,1.0,6.92,23.45
52,1,2.0,5.92,23.45
52,1,3.0,5.92,22.45
52,1,4.0,5.92,24.45
52,1,5.0,2.23,-1.68
52,1,6.0,4.23,-1.68
52,1,7.0,3.23,-1.68
52,1,8.0,3.23,-2.68
52,1,9.0,3.23,-0.68
52,1,10.0,4.06,26.31
52,1,11.0,6.06,26.31
52,1,12.0,5.06,26.31
52,1,13.0,5.06,25.31
52,1,14.0,5.06,27.31
52,2,0.0,5.35,25.82
52,2,1.0,7.35,25.82
52,2,2.0,6.35,25.82
52,2,3.0,6.35,24.82
52,2,4.0,6.35,26.82
52,2,5.0,2.22,-1.01
52,2,6.0,4.22,-1.01
52,2,7.0,3.22,-1.01
52,2,8.0,3.22,-2.01
52,2,9.0,3.22,-0.01
52,2,10.0,4.41,26.43
52,2,11.0,6.41,26.43
52,2,12.0,5.41,26.43
52,2,13.0,5.41,25.43
52,2,14.0,5.41,27.43
53,0,0.0,3.97,0.58
53,0,1.0,5.97,0.58
53,0,2.0,4.97,0.58
53,0,3.0,4.97,-0.42
53,0,4.0,4.97,1.58
53,0,5.0,4.09,-0.26
53,0,6.0,6.09,-0.26
53,0,7.0,5.09,-0.26
53,0,8.0,5.09,-1.26
53,0,9.0,5.09,0.74
53,0,10.0,-0.23,24.87
53,0,11.0,1.77,24.87
53,0,12.0,0.77,24.87
53,0,13.0,0.77,23.87
53,0,14.0,0.77,25.87
53,1,0.0,2.91,17.07
53,1,1.0,4.91,17.07
53,1,2.0,3.91,17.07
53,1,3.0,3.91,16.07
53,1,4.0,3.91,18.07
53,1,5.0,3.98,0.78
53,1,6.0,5.98,0.78
53,1,7.0,4.98,0.78
53,1,8.0,4.98,-0.22
53,1,9.0,4.98,1.78
53,1,10.0,0.46,24.13
53,1,11.0,2.46,24.13
53,1,12.0,1.46,24.13
53,1,13.0,1.46,23.13
53,1,14.0,1.46,25.13
53,2,0.0,2.6,24.51
53,2,1.0,4.6,24.51
53,2,2.0,3.60,24.51
53,2,3.0,3.60,23.51
53,2,4.0,3.60,25.51
53,2,5.0,3.77,0.27
53,2,6.0,5.77,0.27
53,2,7.0,4.77,0.27
53,2,8.0,4.77,-0.73
53,2,9.0,4.77,1.27
53,2,10.0,1.44,24.78
53,2,11.0,3.44,24.78
53,2,12.0,2.44,24.78
53,2,13.0,2.44,23.78
53,2,14.0,2.44,25.78
54,0,0.0,3.04,0.33
54,0,1.0,5.04,0.33
54,0,2.0,4.04,0.33
54,0,3.0,4.04,-0.67
54,0,4.0,4.04,1.33
54,0,5.0,3.74,-0.16
54,0,6.0,5.74,-0.16
54,0,7.0,4.74,-0.16
54,0,8.0,4.74,-1.16
54,0,9.0,4.74,0.84
54,0,10.0,3.49,24.40
54,0,11.0,5.49,24.40
54,0,12.0,4.49,24.40
54,0,13.0,4.49,23.4
54,0,14.0,4.49,25.4
54,1,0.0,4.92,19.26
54,1,1.0,6.92,19.26
54,1,2.0,5.92,19.26
54,1,3.0,5.92,18.26
54,1,4.0,5.92,20.26
54,1,5.0,3.76,-0.90
54,1,6.0,5.76,-0.90
54,1,7.0,4.76,-0.90
54,1,8.0,4.76,-1.9
54,1,9.0,4.76,0.1
54,1,10.0,3.93,25.05
54,1,11.0,5.93,25.05
54,1,12.0,4.93,25.05
54,1,13.0,4.93,24.05
54,1,14.0,4.93,26.05
54,2,0.0,5.47,24.31
54,2,1.0,7.47,24.31
54,2,2.0,6.47,24.31
54,2,3.0,6.47,23.31
54,2,4.0,6.47,25.31
54,2,5.0,3.28,-1.28
54,2,6.0,5.28,-1.28
54,2,7.0,4.28,-1.28
54,2,8.0,4.28,-2.28
54,2,9.0,4.28,-0.28
54,2,10.0,4.53,24.76
54,2,11.0,6.53,24.76
54,2,12.0,5.53,24.76
54,2,13.0,5.53,23.76
54,2,14.0,5.53,25.76
55,0,0.0,-1.42,-0.87
55,0,1.0,0.58,-0.87
55,0,2.0,-0.42,-0.87
55,0,3.0,-0.42,-1.87
55,0,4.0,-0.42,0.13
55,0,5.0,-0.32,-1.84
55,0,6.0,1.68,-1.84
55,0,7.0,0.68,-1.84
55,0,8.0,0.68,-2.84
55,0,9.0,0.68,-0.84
55,0,10.0,4.51,25.47
55,0,11.0,6.51,25.47
55,0,12.0,5.51,25.47
55,0,13.0,5.51,24.47
55,0,14.0,5.51,26.47
55,1,0.0,0.99,17.83
55,1,1.0,2.99,17.83
55,1,2.0,1.99,17.83
55,1,3.0,1.99,16.83
55,1,4.0,1.99,18.83
55,1,5.0,-0.89,-1.85
55,1,6.0,1.11,-1.85
55,1,7.0,0.11,-1.85
55,1,8.0,0.11,-2.85
55,1,9.0,0.11,-0.85
55,1,10.0,3.73,25.11
55,1,11.0,5.73,25.11
55,1,12.0,4.73,25.11
55,1,13.0,4.73,24.11
55,1,14.0,4.73,26.11
55,2,0.0,1.67,24.32
55,2,1.0,3.67,24.32
55,2,2.0,2.67,24.32
55,2,3.0,2.67,23.32
55,2,4.0,2.67,25.32
55,2,5.0,0.72,-1.61
55,2,6.0,2.72,-1.61
55,2,7.0,1.72,-1.61
55,2,8.0,1.72,-2.61
55,2,9.0,1.72,-0.61
55,2,10.0,2.66,24.16
55,2,11.0,4.66,24.16
55,2,12.0,3.66,24.16
55,2,13.0,3.66,23.16
55,2,14.0,3.66,25.16
56,0,0.0,0.63,-1.26
56,0,1.0,2.63,-1.26
56,0,2.0,1.63,-1.26
56,0,3.0,1.63,-2.26
56,0,4.0,1.63,-0.26
56,0,5.0,1.97,-1.67
56,0,6.0,3.97,-1.67
56,0,7.0,2.97,-1.67
56,0,8.0,2.97,-2.67
56,0,9.0,2.97,-0.67
56,0,10.0,2.28,19.84
56,0,11.0,4.28,19.84
56,0,12.0,3.28,19.84
56,0,13.0,3.28,18.84
56,0,14.0,3.28,20.84
56,1,0.0,3.11,17.95
56,1,1.0,5.11,17.95
56,1,2.0,4.11,17.95
56,1,3.0,4.11,16.95
56,1,4.0,4.11,18.95
56,1,5.0,1.19,-1.09
56,1,6.0,3.19,-1.09
56,1,7.0,2.19,-1.09
56,1,8.0,2.19,-2.09
56,1,9.0,2.19,-0.09
56,1,10.0,4.02,17.17
56,1,11.0,6.02,17.17
56,1,12.0,5.02,17.17
56,1,13.0,5.02,16.17
56,1,14.0,5.02,18.17
56,2,0.0,5.78,5.43
56,2,1.0,7.78,5.43
56,2,2.0,6.78,5.43
56,2,3.0,6.78,4.43
56,2,4.0,6.78,6.43
56,2,5.0,1.35,-0.79
56,2,6.0,3.35,-0.79
56,2,7.0,2.35,-0.79
56,2,8.0,2.35,-1.79
56,2,9.0,2.35,0.21
56,2,10.0,4.49,15.15
56,2,11.0,6.49,15.15
56,2,12.0,5.49,15.15
56,2,13.0,5.49,14.15
56,2,14.0,5.49,16.15
57,0,0.0,3.72,0.25
57,0,1.0,5.72,0.25
57,0,2.0,4.72,0.25
57,0,3.0,4.72,-0.75
57,0,4.0,4.72,1.25
57,0,5.0,4.07,-0.23
57,0,6.0,6.07,-0.23
57,0,7.0,5.07,-0.23
57,0,8.0,5.07,-1.23
57,0,9.0,5.07,0.77
57,0,10.0,-0.64,24.82
57,0,11.0,1.36,24.82
57,0,12.0,0.36,24.82
57,0,13.0,0.36,23.82
57,0,14.0,0.36,25.82
57,1,0.0,2.46,15.68
57,1,1.0,4.46,15.68
57,1,2.0,3.46,15.68
57,1,3.0,3.46,14.68
57,1,4.0,3.46,16.68
57,1,5.0,3.93,0.87
57,1,6.0,5.93,0.87
57,1,7.0,4.93,0.87
57,1,8.0,4.93,-0.13
57,1,9.0,4.93,1.87
57,1,10.0,-0.1,25.19
57,1,11.0,1.9,25.19
57,1,12.0,0.90,25.19
57,1,13.0,0.90,24.19
57,1,14.0,0.90,26.19
57,2,0.0,1.64,24.23
57,2,1.0,3.64,24.23
57,2,2.0,2.64,24.23
57,2,3.0,2.64,23.23
57,2,4.0,2.64,25.23
57,2,5.0,3.61,0.50
57,2,6.0,5.61,0.50
57,2,7.0,4.61,0.50
57,2,8.0,4.61,-0.5
57,2,9.0,4.61,1.5
57,2,10.0,0.77,24.50
57,2,11.0,2.77,24.50
57,2,12.0,1.77,24.50
57,2,13.0,1.77,23.5
57,2,14.0,1.77,25.5
58,0,0.0,0.42,-1.25
58,0,1.0,2.42,-1.25
58,0,2.0,1.42,-1.25
58,0,3.0,1.42,-2.25
58,0,4.0,1.42,-0.25
58,0,5.0,1.29,-1.27
58,0,6.0,3.29,-1.27
58,0,7.0,2.29,-1.27
58,0,8.0,2.29,-2.27
58,0,9.0,2.29,-0.27
58,0,10.0,3.09,24.26
58,0,11.0,5.09,24.26
58,0,12.0,4.09,24.26
58,0,13.0,4.09,23.26
58,0,14.0,4.09,25.26
58,1,0.0,4.56,20.52
58,1,1.0,6.56,20.52
58,1,2.0,5.56,20.52
58,1,3.0,5.56,19.52
58,1,4.0,5.56,21.52
58,1,5.0,1.17,-2.35
58,1,6.0,3.17,-2.35
58,1,7.0,2.17,-2.35
58,1,8.0,2.17,-3.35
58,1,9.0,2.17,-1.35
58,1,10.0,4.3,24.75
58,1,11.0,6.3,24.75
58,1,12.0,5.30,24.75
58,1,13.0,5.30,23.75
58,1,14.0,5.30,25.75
58,2,0.0,5.17,24.30
58,2,1.0,7.17,24.30
58,2,2.0,6.17,24.30
58,2,3.0,6.17,23.3
58,2,4.0,6.17,25.3
58,2,5.0,1.6,-2.55
58,2,6.0,3.6,-2.55
58,2,7.0,2.60,-2.55
58,2,8.0,2.60,-3.55
58,2,9.0,2.60,-1.55
58,2,10.0,4.37,24.69
58,2,11.0,6.37,24.69
58,2,12.0,5.37,24.69
58,2,13.0,5.37,23.69
58,2,14.0,5.37,25.69
59,0,0.0,-0.29,-1.58
59,0,1.0,1.71,-1.58
59,0,2.0,0.71,-1.58
59,0,3.0,0.71,-2.58
59,0,4.0,0.71,-0.58
59,0,5.0,0.61,-1.84
59,0,6.0,2.61,-1.84
59,0,7.0,1.61,-1.84
59,0,8.0,1.61,-2.84
59,0,9.0,1.61,-0.84
59,0,10.0,3.9,25.15
59,0,11.0,5.9,25.15
59,0,12.0,4.90,25.15
59,0,13.0,4.90,24.15
59,0,14.0,4.90,26.15
59,1,0.0,5.85,23.57
59,1,1.0,7.85,23.57
59,1,2.0,6.85,23.57
59,1,3.0,6.85,22.57
59,1,4.0,6.85,24.57
59,1,5.0,1.82,-2.48
59,1,6.0,3.82,-2.48
59,1,7.0,2.82,-2.48
59,1,8.0,2.82,-3.48
59,1,9.0,2.82,-1.48
59,1,10.0,7.08,26.20
59,1,11.0,9.08,26.20
59,1,12.0,8.08,26.20
59,1,13.0,8.08,25.2
59,1,14.0,8.08,27.2
59,2,0.0,6.22,25.69
59,2,1.0,8.22,25.69
59,2,2.0,7.22,25.69
59,2,3.0,7.22,24.69
59,2,4.0,7.22,26.69
59,2,5.0,1.97,-2.58
59,2,6.0,3.97,-2.58
59,2,7.0,2.97,-2.58
59,2,8.0,2.97,-3.58
59,2,9.0,2.97,-1.58
59,2,10.0,7.46,26.08
59,2,11.0,9.46,26.08
59,2,12.0,8.46,26.08
59,2,13.0,8.46,25.08
59,2,14.0,8.46,27.08
60,0,0.0,-0.97,-0.23
60,0,1.0,1.03,-0.23
60,0,2.0,0.03,-0.23
60,0,3.0,0.03,-1.23
60,0,4.0,0.03,0.77
60,0,5.0,0.08,-1.27
60,0,6.0,2.08,-1.27
60,0,7.0,1.08,-1.27
60,0,8.0,1.08,-2.27
60,0,9.0,1.08,-0.27
60,0,10.0,5.01,26.90
60,0,11.0,7.01,26.90
60,0,12.0,6.01,26.90
60,0,13.0,6.01,25.9
60,0,14.0,6.01,27.9
60,1,0.0,5.0,19.98
60,1,1.0,7.0,19.98
60,1,2.0,6.00,19.98
60,1,3.0,6.00,18.98
60,1,4.0,6.00,20.98
60,1,5.0,0.36,-0.91
60,1,6.0,2.36,-0.91
60,1,7.0,1.36,-0.91
60,1,8.0,1.36,-1.91
60,1,9.0,1.36,0.09
60,1,10.0,5.2,26.53
60,1,11.0,7.2,26.53
60,1,12.0,6.20,26.53
60,1,13.0,6.20,25.53
60,1,14.0,6.20,27.53
60,2,0.0,6.65,26.00
60,2,1.0,8.65,26.00
60,2,2.0,7.65,26.00
60,2,3.0,7.65,25.0
60,2,4.0,7.65,27.0
60,2,5.0,1.17,-1.48
60,2,6.0,3.17,-1.48
60,2,7.0,2.17,-1.48
60,2,8.0,2.17,-2.48
60,2,9.0,2.17,-0.48
60,2,10.0,5.67,25.98
60,2,11.0,7.67,25.98
60,2,12.0,6.67,25.98
60,2,13.0,6.67,24.98
60,2,14.0,6.67,26.98
61,0,0.0,3.95,0.80
61,0,1.0,5.95,0.80
61,0,2.0,4.95,0.80
61,0,3.0,4.95,-0.2
61,0,4.0,4.95,1.8
61,0,5.0,3.97,-0.30
61,0,6.0,5.97,-0.30
61,0,7.0,4.97,-0.30
61,0,8.0,4.97,-1.3
61,0,9.0,4.97,0.7
61,0,10.0,-0.56,24.64
61,0,11.0,1.44,24.64
61,0,12.0,0.44,24.64
61,0,13.0,0.44,23.64
61,0,14.0,0.44,25.64
61,1,0.0,1.39,17.05
61,1,1.0,3.39,17.05
61,1,2.0,2.39,17.05
61,1,3.0,2.39,16.05
61,1,4.0,2.39,18.05
61,1,5.0,3.9,1.06
61,1,6.0,5.9,1.06
61,1,7.0,4.90,1.06
61,1,8.0,4.90,0.06
61,1,9.0,4.90,2.06
61,1,10.0,0.03,23.88
61,1,11.0,2.03,23.88
61,1,12.0,1.03,23.88
61,1,13.0,1.03,22.88
61,1,14.0,1.03,24.88
61,2,0.0,0.73,22.89
61,2,1.0,2.73,22.89
61,2,2.0,1.73,22.89
61,2,3.0,1.73,21.89
61,2,4.0,1.73,23.89
61,2,5.0,3.76,0.63
61,2,6.0,5.76,0.63
61,2,7.0,4.76,0.63
61,2,8.0,4.76,-0.37
61,2,9.0,4.76,1.63
61,2,10.0,-0.17,23.99
61,2,11.0,1.83,23.99
61,2,12.0,0.83,23.99
61,2,13.0,0.83,22.99
61,2,14.0,0.83,24.99
62,0,0.0,-0.46,-0.01
62,0,1.0,1.54,-0.01
62,0,2.0,0.54,-0.01
62,0,3.0,0.54,-1.01
62,0,4.0,0.54,0.99
62,0,5.0,0.66,-0.83
62,0,6.0,2.66,-0.83
62,0,7.0,1.66,-0.83
62,0,8.0,1.66,-1.83
62,0,9.0,1.66,0.17
62,0,10.0,1.76,23.84
62,0,11.0,3.76,23.84
62,0,12.0,2.76,23.84
62,0,13.0,2.76,22.84
62,0,14.0,2.76,24.84
62,1,0.0,6.19,19.50
62,1,1.0,8.19,19.50
62,1,2.0,7.19,19.50
62,1,3.0,7.19,18.5
62,1,4.0,7.19,20.5
62,1,5.0,0.23,-0.44
62,1,6.0,2.23,-0.44
62,1,7.0,1.23,-0.44
62,1,8.0,1.23,-1.44
62,1,9.0,1.23,0.56
62,1,10.0,4.83,24.57
62,1,11.0,6.83,24.57
62,1,12.0,5.83,24.57
62,1,13.0,5.83,23.57
62,1,14.0,5.83,25.57
62,2,0.0,8.06,24.53
62,2,1.0,10.06,24.53
62,2,2.0,9.06,24.53
62,2,3.0,9.06,23.53
62,2,4.0,9.06,25.53
62,2,5.0,0.96,0.07
62,2,6.0,2.96,0.07
62,2,7.0,1.96,0.07
62,2,8.0,1.96,-0.93
62,2,9.0,1.96,1.07
62,2,10.0,6.99,24.91
62,2,11.0,8.99,24.91
62,2,12.0,7.99,24.91
62,2,13.0,7.99,23.91
62,2,14.0,7.99,25.91
63,0,0.0,0.4,2.18
63,0,1.0,2.4,2.18
63,0,2.0,1.40,2.18
63,0,3.0,1.40,1.18
63,0,4.0,1.40,3.18
63,0,5.0,1.12,1.32
63,0,6.0,3.12,1.32
63,0,7.0,2.12,1.32
63,0,8.0,2.12,0.32
63,0,9.0,2.12,2.32
63,0,10.0,6.43,26.21
63,0,11.0,8.43,26.21
63,0,12.0,7.43,26.21
63,0,13.0,7.43,25.21
63,0,14.0,7.43,27.21
63,1,0.0,2.1,22.28
63,1,1.0,4.1,22.28
63,1,2.0,3.10,22.28
63,1,3.0,3.10,21.28
63,1,4.0,3.10,23.28
63,1,5.0,2.59,-0.18
63,1,6.0,4.59,-0.18
63,1,7.0,3.59,-0.18
63,1,8.0,3.59,-1.18
63,1,9.0,3.59,0.82
63,1,10.0,3.42,25.51
63,1,11.0,5.42,25.51
63,1,12.0,4.42,25.51
63,1,13.0,4.42,24.51
63,1,14.0,4.42,26.51
63,2,0.0,2.05,25.56
63,2,1.0,4.05,25.56
63,2,2.0,3.05,25.56
63,2,3.0,3.05,24.56
63,2,4.0,3.05,26.56
63,2,5.0,2.86,-0.97
63,2,6.0,4.86,-0.97
63,2,7.0,3.86,-0.97
63,2,8.0,3.86,-1.97
63,2,9.0,3.86,0.03
63,2,10.0,3.17,25.34
63,2,11.0,5.17,25.34
63,2,12.0,4.17,25.34
63,2,13.0,4.17,24.34
63,2,14.0,4.17,26.34
64,0,0.0,-0.53,-1.36
64,0,1.0,1.47,-1.36
64,0,2.0,0.47,-1.36
64,0,3.0,0.47,-2.36
64,0,4.0,0.47,-0.36
64,0,5.0,0.38,-2.13
64,0,6.0,2.38,-2.13
64,0,7.0,1.38,-2.13
64,0,8.0,1.38,-3.13
64,0,9.0,1.38,-1.13
64,0,10.0,3.5,25.45
64,0,11.0,5.5,25.45
64,0,12.0,4.50,25.45
64,0,13.0,4.50,24.45
64,0,14.0,4.50,26.45
64,1,0.0,0.55,18.74
64,1,1.0,2.55,18.74
64,1,2.0,1.55,18.74
64,1,3.0,1.55,17.74
64,1,4.0,1.55,19.74
64,1,5.0,0.31,-2.12
64,1,6.0,2.31,-2.12
64,1,7.0,1.31,-2.12
64,1,8.0,1.31,-3.12
64,1,9.0,1.31,-1.12
64,1,10.0,2.92,25.50
64,1,11.0,4.92,25.50
64,1,12.0,3.92,25.50
64,1,13.0,3.92,24.5
64,1,14.0,3.92,26.5
64,2,0.0,0.77,25.55
64,2,1.0,2.77,25.55
64,2,2.0,1.77,25.55
64,2,3.0,1.77,24.55
64,2,4.0,1.77,26.55
64,2,5.0,1.46,-2.08
64,2,6.0,3.46,-2.08
64,2,7.0,2.46,-2.08
64,2,8.0,2.46,-3.08
64,2,9.0,2.46,-1.08
64,2,10.0,1.83,25.21
64,2,11.0,3.83,25.21
64,2,12.0,2.83,25.21
64,2,13.0,2.83,24.21
64,2,14.0,2.83,26.21
65,0,0.0,3.97,0.76
65,0,1.0,5.97,0.76
65,0,2.0,4.97,0.76
65,0,3.0,4.97,-0.24
65,0,4.0,4.97,1.76
65,0,5.0,4.04,-0.40
65,0,6.0,6.04,-0.40
65,0,7.0,5.04,-0.40
65,0,8.0,5.04,-1.4
65,0,9.0,5.04,0.6
65,0,10.0,-0.74,26.45
65,0,11.0,1.26,26.45
65,0,12.0,0.26,26.45
65,0,13.0,0.26,25.45
65,0,14.0,0.26,27.45
65,1,0.0,2.56,18.10
65,1,1.0,4.56,18.10
65,1,2.0,3.56,18.10
65,1,3.0,3.56,17.1
65,1,4.0,3.56,19.1
65,1,5.0,4.06,0.68
65,1,6.0,6.06,0.68
65,1,7.0,5.06,0.68
65,1,8.0,5.06,-0.32
65,1,9.0,5.06,1.68
65,1,10.0,-0.61,26.22
65,1,11.0,1.39,26.22
65,1,12.0,0.39,26.22
65,1,13.0,0.39,25.22
65,1,14.0,0.39,27.22
65,2,0.0,1.52,25.93
65,2,1.0,3.52,25.93
65,2,2.0,2.52,25.93
65,2,3.0,2.52,24.93
65,2,4.0,2.52,26.93
65,2,5.0,3.85,0.89
65,2,6.0,5.85,0.89
65,2,7.0,4.85,0.89
65,2,8.0,4.85,-0.11
65,2,9.0,4.85,1.89
65,2,10.0,0.25,26.22
65,2,11.0,2.25,26.22
65,2,12.0,1.25,26.22
65,2,13.0,1.25,25.22
65,2,14.0,1.25,27.22
66,0,0.0,2.86,-1.07
66,0,1.0,4.86,-1.07
66,0,2.0,3.86,-1.07
66,0,3.0,3.86,-2.07
66,0,4.0,3.86,-0.07
66,0,5.0,1.47,-1.25
66,0,6.0,3.47,-1.25
66,0,7.0,2.47,-1.25
66,0,8.0,2.47,-2.25
66,0,9.0,2.47,-0.25
66,0,10.0,3.24,26.63
66,0,11.0,5.24,26.63
66,0,12.0,4.24,26.63
66,0,13.0,4.24,25.63
66,0,14.0,4.24,27.63
66,1,0.0,-0.29,22.12
66,1,1.0,1.71,22.12
66,1,2.0,0.71,22.12
66,1,3.0,0.71,21.12
66,1,4.0,0.71,23.12
66,1,5.0,2.1,-2.62
66,1,6.0,4.1,-2.62
66,1,7.0,3.10,-2.62
66,1,8.0,3.10,-3.62
66,1,9.0,3.10,-1.62
66,1,10.0,1.47,25.76
66,1,11.0,3.47,25.76
66,1,12.0,2.47,25.76
66,1,13.0,2.47,24.76
66,1,14.0,2.47,26.76
66,2,0.0,-0.84,26.22
66,2,1.0,1.16,26.22
66,2,2.0,0.16,26.22
66,2,3.0,0.16,25.22
66,2,4.0,0.16,27.22
66,2,5.0,2.64,-2.16
66,2,6.0,4.64,-2.16
66,2,7.0,3.64,-2.16
66,2,8.0,3.64,-3.16
66,2,9.0,3.64,-1.16
66,2,10.0,0.41,26.45
66,2,11.0,2.41,26.45
66,2,12.0,1.41,26.45
66,2,13.0,1.41,25.45
66,2,14.0,1.41,27.45
67,0,0.0,-0.38,-0.40
67,0,1.0,1.62,-0.40
67,0,2.0,0.62,-0.40
67,0,3.0,0.62,-1.4
67,0,4.0,0.62,0.6
67,0,5.0,0.64,-0.94
67,0,6.0,2.64,-0.94
67,0,7.0,1.64,-0.94
67,0,8.0,1.64,-1.94
67,0,9.0,1.64,0.06
67,0,10.0,1.34,25.87
67,0,11.0,3.34,25.87
67,0,12.0,2.34,25.87
67,0,13.0,2.34,24.87
67,0,14.0,2.34,26.87
67,1,0.0,5.09,22.93
67,1,1.0,7.09,22.93
67,1,2.0,6.09,22.93
67,1,3.0,6.09,21.93
67,1,4.0,6.09,23.93
67,1,5.0,1.25,-1.46
67,1,6.0,3.25,-1.46
67,1,7.0,2.25,-1.46
67,1,8.0,2.25,-2.46
67,1,9.0,2.25,-0.46
67,1,10.0,4.28,25.70
67,1,11.0,6.28,25.70
67,1,12.0,5.28,25.70
67,1,13.0,5.28,24.7
67,1,14.0,5.28,26.7
67,2,0.0,5.62,25.19
67,2,1.0,7.62,25.19
67,2,2.0,6.62,25.19
67,2,3.0,6.62,24.19
67,2,4.0,6.62,26.19
67,2,5.0,1.47,-1.74
67,2,6.0,3.47,-1.74
67,2,7.0,2.47,-1.74
67,2,8.0,2.47,-2.74
67,2,9.0,2.47,-0.74
67,2,10.0,4.69,25.14
67,2,11.0,6.69,25.14
67,2,12.0,5.69,25.14
67,2,13.0,5.69,24.14
67,2,14.0,5.69,26.14
68,0,0.0,2.66,-0.23
68,0,1.0,4.66,-0.23
68,0,2.0,3.66,-0.23
68,0,3.0,3.66,-1.23
68,0,4.0,3.66,0.77
68,0,5.0,1.49,-0.63
68,0,6.0,3.49,-0.63
68,0,7.0,2.49,-0.63
68,0,8.0,2.49,-1.63
68,0,9.0,2.49,0.37
68,0,10.0,3.6,26.46
68,0,11.0,5.6,26.46
68,0,12.0,4.60,26.46
68,0,13.0,4.60,25.46
68,0,14.0,4.60,27.46
68,1,0.0,1.45,18.92
68,1,1.0,3.45,18.92
68,1,2.0,2.45,18.92
68,1,3.0,2.45,17.92
68,1,4.0,2.45,19.92
68,1,5.0,2.07,-0.88
68,1,6.0,4.07,-0.88
68,1,7.0,3.07,-0.88
68,1,8.0,3.07,-1.88
68,1,9.0,3.07,0.12
68,1,10.0,2.67,26.75
68,1,11.0,4.67,26.75
68,1,12.0,3.67,26.75
68,1,13.0,3.67,25.75
68,1,14.0,3.67,27.75
68,2,0.0,0.94,26.63
68,2,1.0,2.94,26.63
68,2,2.0,1.94,26.63
68,2,3.0,1.94,25.63
68,2,4.0,1.94,27.63
68,2,5.0,2.85,-1.75
68,2,6.0,4.85,-1.75
68,2,7.0,3.85,-1.75
68,2,8.0,3.85,-2.75
68,2,9.0,3.85,-0.75
68,2,10.0,2.11,26.28
68,2,11.0,4.11,26.28
68,2,12.0,3.11,26.28
68,2,13.0,3.11,25.28
68,2,14.0,3.11,27.28
69,0,0.0,4.1,0.55
69,0,1.0,6.1,0.55
69,0,2.0,5.10,0.55
69,0,3.0,5.10,-0.45
69,0,4.0,5.10,1.55
69,0,5.0,4.1,-0.17
69,0,6.0,6.1,-0.17
69,0,7.0,5.10,-0.17
69,0,8.0,5.10,-1.17
69,0,9.0,5.10,0.83
69,0,10.0,-0.78,26.56
69,0,11.0,1.22,26.56
69,0,12.0,0.22,26.56
69,0,13.0,0.22,25.56
69,0,14.0,0.22,27.56
69,1,0.0,-0.38,17.13
69,1,1.0,1.62,17.13
69,1,2.0,0.62,17.13
69,1,3.0,0.62,16.13
69,1,4.0,0.62,18.13
69,1,5.0,4.1,0.90
69,1,6.0,6.1,0.90
69,1,7.0,5.10,0.90
69,1,8.0,5.10,-0.1
69,1,9.0,5.10,1.9
69,1,10.0,-0.82,26.19
69,1,11.0,1.18,26.19
69,1,12.0,0.18,26.19
69,1,13.0,0.18,25.19
69,1,14.0,0.18,27.19
69,2,0.0,-2.96,25.60
69,2,1.0,-0.96,25.60
69,2,2.0,-1.96,25.60
69,2,3.0,-1.96,24.6
69,2,4.0,-1.96,26.6
69,2,5.0,4.04,0.81
69,2,6.0,6.04,0.81
69,2,7.0,5.04,0.81
69,2,8.0,5.04,-0.19
69,2,9.0,5.04,1.81
69,2,10.0,-1.7,26.32
69,2,11.0,0.3,26.32
69,2,12.0,-0.70,26.32
69,2,13.0,-0.70,25.32
69,2,14.0,-0.70,27.32
70,0,0.0,1.94,-0.07
70,0,1.0,3.94,-0.07
70,0,2.0,2.94,-0.07
70,0,3.0,2.94,-1.07
70,0,4.0,2.94,0.93
70,0,5.0,2.93,-0.44
70,0,6.0,4.93,-0.44
70,0,7.0,3.93,-0.44
70,0,8.0,3.93,-1.44
70,0,9.0,3.93,0.56
70,0,10.0,-1.53,24.93
70,0,11.0,0.47,24.93
70,0,12.0,-0.53,24.93
70,0,13.0,-0.53,23.93
70,0,14.0,-0.53,25.93
70,1,0.0,1.56,20.77
70,1,1.0,3.56,20.77
70,1,2.0,2.56,20.77
70,1,3.0,2.56,19.77
70,1,4.0,2.56,21.77
70,1,5.0,2.97,-1.83
70,1,6.0,4.97,-1.83
70,1,7.0,3.97,-1.83
70,1,8.0,3.97,-2.83
70,1,9.0,3.97,-0.83
70,1,10.0,2.06,26.17
70,1,11.0,4.06,26.17
70,1,12.0,3.06,26.17
70,1,13.0,3.06,25.17
70,1,14.0,3.06,27.17
70,2,0.0,1.27,25.99
70,2,1.0,3.27,25.99
70,2,2.0,2.27,25.99
70,2,3.0,2.27,24.99
70,2,4.0,2.27,26.99
70,2,5.0,3.4,-2.76
70,2,6.0,5.4,-2.76
70,2,7.0,4.40,-2.76
70,2,8.0,4.40,-3.76
70,2,9.0,4.40,-1.76
70,2,10.0,2.5,25.67
70,2,11.0,4.5,25.67
70,2,12.0,3.50,25.67
70,2,13.0,3.50,24.67
70,2,14.0,3.50,26.67
71,0,0.0,7.09,-1.39
71,0,1.0,9.09,-1.39
71,0,2.0,8.09,-1.39
71,0,3.0,8.09,-2.39
71,0,4.0,8.09,-0.39
71,0,5.0,6.18,-2.27
71,0,6.0,8.18,-2.27
71,0,7.0,7.18,-2.27
71,0,8.0,7.18,-3.27
71,0,9.0,7.18,-1.27
71,0,10.0,2.3,26.10
71,0,11.0,4.3,26.10
71,0,12.0,3.30,26.10
71,0,13.0,3.30,25.1
71,0,14.0,3.30,27.1
71,1,0.0,0.27,21.23
71,1,1.0,2.27,21.23
71,1,2.0,1.27,21.23
71,1,3.0,1.27,20.23
71,1,4.0,1.27,22.23
71,1,5.0,6.31,-1.87
71,1,6.0,8.31,-1.87
71,1,7.0,7.31,-1.87
71,1,8.0,7.31,-2.87
71,1,9.0,7.31,-0.87
71,1,10.0,0.5,25.69
71,1,11.0,2.5,25.69
71,1,12.0,1.50,25.69
71,1,13.0,1.50,24.69
71,1,14.0,1.50,26.69
71,2,0.0,-1.14,25.46
71,2,1.0,0.86,25.46
71,2,2.0,-0.14,25.46
71,2,3.0,-0.14,24.46
71,2,4.0,-0.14,26.46
71,2,5.0,5.68,-2.14
71,2,6.0,7.68,-2.14
71,2,7.0,6.68,-2.14
71,2,8.0,6.68,-3.14
71,2,9.0,6.68,-1.14
71,2,10.0,-0.15,25.82
71,2,11.0,1.85,25.82
71,2,12.0,0.85,25.82
71,2,13.0,0.85,24.82
71,2,14.0,0.85,26.82
72,0,0.0,1.41,-2.43
72,0,1.0,3.41,-2.43
72,0,2.0,2.41,-2.43
72,0,3.0,2.41,-3.43
72,0,4.0,2.41,-1.43
72,0,5.0,2.16,-2.84
72,0,6.0,4.16,-2.84
72,0,7.0,3.16,-2.84
72,0,8.0,3.16,-3.84
72,0,9.0,3.16,-1.84
72,0,10.0,0.77,25.45
72,0,11.0,2.77,25.45
72,0,12.0,1.77,25.45
72,0,13.0,1.77,24.45
72,0,14.0,1.77,26.45
72,1,0.0,5.5,19.29
72,1,1.0,7.5,19.29
72,1,2.0,6.50,19.29
72,1,3.0,6.50,18.29
72,1,4.0,6.50,20.29
72,1,5.0,1.24,-2.99
72,1,6.0,3.24,-2.99
72,1,7.0,2.24,-2.99
72,1,8.0,2.24,-3.99
72,1,9.0,2.24,-1.99
72,1,10.0,4.1,25.48
72,1,11.0,6.1,25.48
72,1,12.0,5.10,25.48
72,1,13.0,5.10,24.48
72,1,14.0,5.10,26.48
72,2,0.0,6.43,25.46
72,2,1.0,8.43,25.46
72,2,2.0,7.43,25.46
72,2,3.0,7.43,24.46
72,2,4.0,7.43,26.46
72,2,5.0,1.79,-2.35
72,2,6.0,3.79,-2.35
72,2,7.0,2.79,-2.35
72,2,8.0,2.79,-3.35
72,2,9.0,2.79,-1.35
72,2,10.0,5.64,25.17
72,2,11.0,7.64,25.17
72,2,12.0,6.64,25.17
72,2,13.0,6.64,24.17
72,2,14.0,6.64,26.17
73,0,0.0,4.02,0.54
73,0,1.0,6.02,0.54
73,0,2.0,5.02,0.54
73,0,3.0,5.02,-0.46
73,0,4.0,5.02,1.54
73,0,5.0,4.07,-0.22
73,0,6.0,6.07,-0.22
73,0,7.0,5.07,-0.22
73,0,8.0,5.07,-1.22
73,0,9.0,5.07,0.78
73,0,10.0,-0.75,27.33
73,0,11.0,1.25,27.33
73,0,12.0,0.25,27.33
73,0,13.0,0.25,26.33
73,0,14.0,0.25,28.33
73,1,0.0,-0.45,17.74
73,1,1.0,1.55,17.74
73,1,2.0,0.55,17.74
73,1,3.0,0.55,16.74
73,1,4.0,0.55,18.74
73,1,5.0,4.19,1.03
73,1,6.0,6.19,1.03
73,1,7.0,5.19,1.03
73,1,8.0,5.19,0.03
73,1,9.0,5.19,2.03
73,1,10.0,-0.75,26.31
73,1,11.0,1.25,26.31
73,1,12.0,0.25,26.31
73,1,13.0,0.25,25.31
73,1,14.0,0.25,27.31
73,2,0.0,-3.06,25.53
73,2,1.0,-1.06,25.53
73,2,2.0,-2.06,25.53
73,2,3.0,-2.06,24.53
73,2,4.0,-2.06,26.53
73,2,5.0,4.0,0.74
73,2,6.0,6.0,0.74
73,2,7.0,5.00,0.74
73,2,8.0,5.00,-0.26
73,2,9.0,5.00,1.74
73,2,10.0,-1.8,26.15
73,2,11.0,0.2,26.15
73,2,12.0,-0.80,26.15
73,2,13.0,-0.80,25.15
73,2,14.0,-0.80,27.15
74,0,0.0,5.33,0.02
74,0,1.0,7.33,0.02
74,0,2.0,6.33,0.02
74,0,3.0,6.33,-0.98
74,0,4.0,6.33,1.02
74,0,5.0,4.09,-0.17
74,0,6.0,6.09,-0.17
74,0,7.0,5.09,-0.17
74,0,8.0,5.09,-1.17
74,0,9.0,5.09,0.83
74,0,10.0,-1.02,25.79
74,0,11.0,0.98,25.79
74,0,12.0,-0.02,25.79
74,0,13.0,-0.02,24.79
74,0,14.0,-0.02,26.79
74,1,0.0,5.33,22.79
74,1,1.0,7.33,22.79
74,1,2.0,6.33,22.79
74,1,3.0,6.33,21.79
74,1,4.0,6.33,23.79
74,1,5.0,3.57,-0.07
74,1,6.0,5.57,-0.07
74,1,7.0,4.57,-0.07
74,1,8.0,4.57,-1.07
74,1,9.0,4.57,0.93
74,1,10.0,3.23,27.14
74,1,11.0,5.23,27.14
74,1,12.0,4.23,27.14
74,1,13.0,4.23,26.14
74,1,14.0,4.23,28.14
74,2,0.0,5.21,27.04
74,2,1.0,7.21,27.04
74,2,2.0,6.21,27.04
74,2,3.0,6.21,26.04
74,2,4.0,6.21,28.04
74,2,5.0,3.09,-0.23
74,2,6.0,5.09,-0.23
74,2,7.0,4.09,-0.23
74,2,8.0,4.09,-1.23
74,2,9.0,4.09,0.77
74,2,10.0,4.42,27.48
74,2,11.0,6.42,27.48
74,2,12.0,5.42,27.48
74,2,13.0,5.42,26.48
74,2,14.0,5.42,28.48
75,0,0.0,-0.16,1.82
75,0,1.0,1.84,1.82
75,0,2.0,0.84,1.82
75,0,3.0,0.84,0.82
75,0,4.0,0.84,2.82
75,0,5.0,0.95,0.33
75,0,6.0,2.95,0.33
75,0,7.0,1.95,0.33
75,0,8.0,1.95,-0.67
75,0,9.0,1.95,1.33
75,0,10.0,4.8,26.51
75,0,11.0,6.8,26.51
75,0,12.0,5.80,26.51
75,0,13.0,5.80,25.51
75,0,14.0,5.80,27.51
75,1,0.0,4.92,21.54
75,1,1.0,6.92,21.54
75,1,2.0,5.92,21.54
75,1,3.0,5.92,20.54
75,1,4.0,5.92,22.54
75,1,5.0,0.35,0.61
75,1,6.0,2.35,0.61
75,1,7.0,1.35,0.61
75,1,8.0,1.35,-0.39
75,1,9.0,1.35,1.61
75,1,10.0,4.47,25.41
75,1,11.0,6.47,25.41
75,1,12.0,5.47,25.41
75,1,13.0,5.47,24.41
75,1,14.0,5.47,26.41
75,2,0.0,5.59,25.00
75,2,1.0,7.59,25.00
75,2,2.0,6.59,25.00
75,2,3.0,6.59,24.0
75,2,4.0,6.59,26.0
75,2,5.0,0.7,-0.03
75,2,6.0,2.7,-0.03
75,2,7.0,1.70,-0.03
75,2,8.0,1.70,-1.03
75,2,9.0,1.70,0.97
75,2,10.0,4.7,25.18
75,2,11.0,6.7,25.18
75,2,12.0,5.70,25.18
75,2,13.0,5.70,24.18
75,2,14.0,5.70,26.18
76,0,0.0,0.49,0.09
76,0,1.0,2.49,0.09
76,0,2.0,1.49,0.09
76,0,3.0,1.49,-0.91
76,0,4.0,1.49,1.09
76,0,5.0,1.34,-1.31
76,0,6.0,3.34,-1.31
76,0,7.0,2.34,-1.31
76,0,8.0,2.34,-2.31
76,0,9.0,2.34,-0.31
76,0,10.0,3.96,25.76
76,0,11.0,5.96,25.76
76,0,12.0,4.96,25.76
76,0,13.0,4.96,24.76
76,0,14.0,4.96,26.76
76,1,0.0,6.06,19.50
76,1,1.0,8.06,19.50
76,1,2.0,7.06,19.50
76,1,3.0,7.06,18.5
76,1,4.0,7.06,20.5
76,1,5.0,1.88,-1.81
76,1,6.0,3.88,-1.81
76,1,7.0,2.88,-1.81
76,1,8.0,2.88,-2.81
76,1,9.0,2.88,-0.81
76,1,10.0,5.24,25.40
76,1,11.0,7.24,25.40
76,1,12.0,6.24,25.40
76,1,13.0,6.24,24.4
76,1,14.0,6.24,26.4
76,2,0.0,7.37,24.75
76,2,1.0,9.37,24.75
76,2,2.0,8.37,24.75
76,2,3.0,8.37,23.75
76,2,4.0,8.37,25.75
76,2,5.0,2.1,-1.83
76,2,6.0,4.1,-1.83
76,2,7.0,3.10,-1.83
76,2,8.0,3.10,-2.83
76,2,9.0,3.10,-0.83
76,2,10.0,6.46,24.99
76,2,11.0,8.46,24.99
76,2,12.0,7.46,24.99
76,2,13.0,7.46,23.99
76,2,14.0,7.46,25.99
77,0,0.0,4.0,0.43
77,0,1.0,6.0,0.43
77,0,2.0,5.00,0.43
77,0,3.0,5.00,-0.57
77,0,4.0,5.00,1.43
77,0,5.0,4.04,-0.26
77,0,6.0,6.04,-0.26
77,0,7.0,5.04,-0.26
77,0,8.0,5.04,-1.26
77,0,9.0,5.04,0.74
77,0,10.0,-0.48,24.59
77,0,11.0,1.52,24.59
77,0,12.0,0.52,24.59
77,0,13.0,0.52,23.59
77,0,14.0,0.52,25.59
77,1,0.0,0.31,16.72
77,1,1.0,2.31,16.72
77,1,2.0,1.31,16.72
77,1,3.0,1.31,15.72
77,1,4.0,1.31,17.72
77,1,5.0,3.92,0.90
77,1,6.0,5.92,0.90
77,1,7.0,4.92,0.90
77,1,8.0,4.92,-0.1
77,1,9.0,4.92,1.9
77,1,10.0,0.01,23.94
77,1,11.0,2.01,23.94
77,1,12.0,1.01,23.94
77,1,13.0,1.01,22.94
77,1,14.0,1.01,24.94
77,2,0.0,-0.97,23.61
77,2,1.0,1.03,23.61
77,2,2.0,0.03,23.61
77,2,3.0,0.03,22.61
77,2,4.0,0.03,24.61
77,2,5.0,3.91,0.88
77,2,6.0,5.91,0.88
77,2,7.0,4.91,0.88
77,2,8.0,4.91,-0.12
77,2,9.0,4.91,1.88
77,2,10.0,-0.01,23.15
77,2,11.0,1.99,23.15
77,2,12.0,0.99,23.15
77,2,13.0,0.99,22.15
77,2,14.0,0.99,24.15
78,0,0.0,5.76,0.14
78,0,1.0,7.76,0.14
78,0,2.0,6.76,0.14
78,0,3.0,6.76,-0.86
78,0,4.0,6.76,1.14
78,0,5.0,4.68,-0.04
78,0,6.0,6.68,-0.04
78,0,7.0,5.68,-0.04
78,0,8.0,5.68,-1.04
78,0,9.0,5.68,0.96
78,0,10.0,1.57,24.02
78,0,11.0,3.57,24.02
78,0,12.0,2.57,24.02
78,0,13.0,2.57,23.02
78,0,14.0,2.57,25.02
78,1,0.0,0.64,19.49
78,1,1.0,2.64,19.49
78,1,2.0,1.64,19.49
78,1,3.0,1.64,18.49
78,1,4.0,1.64,20.49
78,1,5.0,4.57,-0.43
78,1,6.0,6.57,-0.43
78,1,7.0,5.57,-0.43
78,1,8.0,5.57,-1.43
78,1,9.0,5.57,0.57
78,1,10.0,1.26,24.50
78,1,11.0,3.26,24.50
78,1,12.0,2.26,24.50
78,1,13.0,2.26,23.5
78,1,14.0,2.26,25.5
78,2,0.0,-0.61,24.15
78,2,1.0,1.39,24.15
78,2,2.0,0.39,24.15
78,2,3.0,0.39,23.15
78,2,4.0,0.39,25.15
78,2,5.0,4.36,-0.94
78,2,6.0,6.36,-0.94
78,2,7.0,5.36,-0.94
78,2,8.0,5.36,-1.94
78,2,9.0,5.36,0.06
78,2,10.0,0.81,24.11
78,2,11.0,2.81,24.11
78,2,12.0,1.81,24.11
78,2,13.0,1.81,23.11
78,2,14.0,1.81,25.11
79,0,0.0,0.42,-0.50
79,0,1.0,2.42,-0.50
79,0,2.0,1.42,-0.50
79,0,3.0,1.42,-1.5
79,0,4.0,1.42,0.5
79,0,5.0,1.59,-1.33
79,0,6.0,3.59,-1.33
79,0,7.0,2.59,-1.33
79,0,8.0,2.59,-2.33
79,0,9.0,2.59,-0.33
79,0,10.0,2.34,25.68
79,0,11.0,4.34,25.68
79,0,12.0,3.34,25.68
79,0,13.0,3.34,24.68
79,0,14.0,3.34,26.68
79,1,0.0,5.63,20.38
79,1,1.0,7.63,20.38
79,1,2.0,6.63,20.38
79,1,3.0,6.63,19.38
79,1,4.0,6.63,21.38
79,1,5.0,0.96,-1.17
79,1,6.0,2.96,-1.17
79,1,7.0,1.96,-1.17
79,1,8.0,1.96,-2.17
79,1,9.0,1.96,-0.17
79,1,10.0,4.57,25.71
79,1,11.0,6.57,25.71
79,1,12.0,5.57,25.71
79,1,13.0,5.57,24.71
79,1,14.0,5.57,26.71
79,2,0.0,6.96,25.51
79,2,1.0,8.96,25.51
79,2,2.0,7.96,25.51
79,2,3.0,7.96,24.51
79,2,4.0,7.96,26.51
79,2,5.0,1.31,-1.12
79,2,6.0,3.31,-1.12
79,2,7.0,2.31,-1.12
79,2,8.0,2.31,-2.12
79,2,9.0,2.31,-0.12
79,2,10.0,5.95,25.67
79,2,11.0,7.95,25.67
79,2,12.0,6.95,25.67
79,2,13.0,6.95,24.67
79,2,14.0,6.95,26.67
80,0,0.0,1.99,-0.54
80,0,1.0,3.99,-0.54
80,0,2.0,2.99,-0.54
80,0,3.0,2.99,-1.54
80,0,4.0,2.99,0.46
80,0,5.0,0.89,-0.92
80,0,6.0,2.89,-0.92
80,0,7.0,1.89,-0.92
80,0,8.0,1.89,-1.92
80,0,9.0,1.89,0.08
80,0,10.0,4.98,26.88
80,0,11.0,6.98,26.88
80,0,12.0,5.98,26.88
80,0,13.0,5.98,25.88
80,0,14.0,5.98,27.88
80,1,0.0,0.86,18.69
80,1,1.0,2.86,18.69
80,1,2.0,1.86,18.69
80,1,3.0,1.86,17.69
80,1,4.0,1.86,19.69
80,1,5.0,1.19,-1.29
80,1,6.0,3.19,-1.29
80,1,7.0,2.19,-1.29
80,1,8.0,2.19,-2.29
80,1,9.0,2.19,-0.29
80,1,10.0,2.79,26.61
80,1,11.0,4.79,26.61
80,1,12.0,3.79,26.61
80,1,13.0,3.79,25.61
80,1,14.0,3.79,27.61
80,2,0.0,0.45,26.12
80,2,1.0,2.45,26.12
80,2,2.0,1.45,26.12
80,2,3.0,1.45,25.12
80,2,4.0,1.45,27.12
80,2,5.0,2.14,-1.13
80,2,6.0,4.14,-1.13
80,2,7.0,3.14,-1.13
80,2,8.0,3.14,-2.13
80,2,9.0,3.14,-0.13
80,2,10.0,1.19,27.01
80,2,11.0,3.19,27.01
80,2,12.0,2.19,27.01
80,2,13.0,2.19,26.01
80,2,14.0,2.19,28.01
81,0,0.0,3.76,-0.02
81,0,1.0,5.76,-0.02
81,0,2.0,4.76,-0.02
81,0,3.0,4.76,-1.02
81,0,4.0,4.76,0.98
81,0,5.0,2.79,-0.43
81,0,6.0,4.79,-0.43
81,0,7.0,3.79,-0.43
81,0,8.0,3.79,-1.43
81,0,9.0,3.79,0.57
81,0,10.0,1.8,25.85
81,0,11.0,3.8,25.85
81,0,12.0,2.80,25.85
81,0,13.0,2.80,24.85
81,0,14.0,2.80,26.85
81,1,0.0,1.52,20.14
81,1,1.0,3.52,20.14
81,1,2.0,2.52,20.14
81,1,3.0,2.52,19.14
81,1,4.0,2.52,21.14
81,1,5.0,2.66,-0.48
81,1,6.0,4.66,-0.48
81,1,7.0,3.66,-0.48
81,1,8.0,3.66,-1.48
81,1,9.0,3.66,0.52
81,1,10.0,2.03,26.02
81,1,11.0,4.03,26.02
81,1,12.0,3.03,26.02
81,1,13.0,3.03,25.02
81,1,14.0,3.03,27.02
81,2,0.0,0.81,26.35
81,2,1.0,2.81,26.35
81,2,2.0,1.81,26.35
81,2,3.0,1.81,25.35
81,2,4.0,1.81,27.35
81,2,5.0,2.94,-1.17
81,2,6.0,4.94,-1.17
81,2,7.0,3.94,-1.17
81,2,8.0,3.94,-2.17
81,2,9.0,3.94,-0.17
81,2,10.0,2.02,25.79
81,2,11.0,4.02,25.79
81,2,12.0,3.02,25.79
81,2,13.0,3.02,24.79
81,2,14.0,3.02,26.79
82,0,0.0,4.01,0.79
82,0,1.0,6.01,0.79
82,0,2.0,5.01,0.79
82,0,3.0,5.01,-0.21
82,0,4.0,5.01,1.79
82,0,5.0,4.1,-0.10
82,0,6.0,6.1,-0.10
82,0,7.0,5.10,-0.10
82,0,8.0,5.10,-1.1
82,0,9.0,5.10,0.9
82,0,10.0,-0.62,24.96
82,0,11.0,1.38,24.96
82,0,12.0,0.38,24.96
82,0,13.0,0.38,23.96
82,0,14.0,0.38,25.96
82,1,0.0,1.42,16.94
82,1,1.0,3.42,16.94
82,1,2.0,2.42,16.94
82,1,3.0,2.42,15.94
82,1,4.0,2.42,17.94
82,1,5.0,3.93,0.79
82,1,6.0,5.93,0.79
82,1,7.0,4.93,0.79
82,1,8.0,4.93,-0.21
82,1,9.0,4.93,1.79
82,1,10.0,-0.49,24.50
82,1,11.0,1.51,24.50
82,1,12.0,0.51,24.50
82,1,13.0,0.51,23.5
82,1,14.0,0.51,25.5
82,2,0.0,0.07,25.02
82,2,1.0,2.07,25.02
82,2,2.0,1.07,25.02
82,2,3.0,1.07,24.02
82,2,4.0,1.07,26.02
82,2,5.0,3.71,0.50
82,2,6.0,5.71,0.50
82,2,7.0,4.71,0.50
82,2,8.0,4.71,-0.5
82,2,9.0,4.71,1.5
82,2,10.0,-0.65,25.08
82,2,11.0,1.35,25.08
82,2,12.0,0.35,25.08
82,2,13.0,0.35,24.08
82,2,14.0,0.35,26.08
83,0,0.0,0.72,0.60
83,0,1.0,2.72,0.60
83,0,2.0,1.72,0.60
83,0,3.0,1.72,-0.4
83,0,4.0,1.72,1.6
83,0,5.0,1.65,-0.55
83,0,6.0,3.65,-0.55
83,0,7.0,2.65,-0.55
83,0,8.0,2.65,-1.55
83,0,9.0,2.65,0.45
83,0,10.0,1.53,25.03
83,0,11.0,3.53,25.03
83,0,12.0,2.53,25.03
83,0,13.0,2.53,24.03
83,0,14.0,2.53,26.03
83,1,0.0,0.5,21.00
83,1,1.0,2.5,21.00
83,1,2.0,1.50,21.00
83,1,3.0,1.50,20.0
83,1,4.0,1.50,22.0
83,1,5.0,1.5,-0.62
83,1,6.0,3.5,-0.62
83,1,7.0,2.50,-0.62
83,1,8.0,2.50,-1.62
83,1,9.0,2.50,0.38
83,1,10.0,2.03,25.15
83,1,11.0,4.03,25.15
83,1,12.0,3.03,25.15
83,1,13.0,3.03,24.15
83,1,14.0,3.03,26.15
83,2,0.0,0.62,25.26
83,2,1.0,2.62,25.26
83,2,2.0,1.62,25.26
83,2,3.0,1.62,24.26
83,2,4.0,1.62,26.26
83,2,5.0,2.14,-0.64
83,2,6.0,4.14,-0.64
83,2,7.0,3.14,-0.64
83,2,8.0,3.14,-1.64
83,2,9.0,3.14,0.36
83,2,10.0,1.56,25.21
83,2,11.0,3.56,25.21
83,2,12.0,2.56,25.21
83,2,13.0,2.56,24.21
83,2,14.0,2.56,26.21
84,0,0.0,6.13,-0.60
84,0,1.0,8.13,-0.60
84,0,2.0,7.13,-0.60
84,0,3.0,7.13,-1.6
84,0,4.0,7.13,0.4
84,0,5.0,4.94,-0.92
84,0,6.0,6.94,-0.92
84,0,7.0,5.94,-0.92
84,0,8.0,5.94,-1.92
84,0,9.0,5.94,0.08
84,0,10.0,2.08,25.62
84,0,11.0,4.08,25.62
84,0,12.0,3.08,25.62
84,0,13.0,3.08,24.62
84,0,14.0,3.08,26.62
84,1,0.0,6.5,20.90
84,1,1.0,8.5,20.90
84,1,2.0,7.50,20.90
84,1,3.0,7.50,19.9
84,1,4.0,7.50,21.9
84,1,5.0,4.83,-1.08
84,1,6.0,6.83,-1.08
84,1,7.0,5.83,-1.08
84,1,8.0,5.83,-2.08
84,1,9.0,5.83,-0.08
84,1,10.0,3.6,25.87
84,1,11.0,5.6,25.87
84,1,12.0,4.60,25.87
84,1,13.0,4.60,24.87
84,1,14.0,4.60,26.87
84,2,0.0,6.56,25.94
84,2,1.0,8.56,25.94
84,2,2.0,7.56,25.94
84,2,3.0,7.56,24.94
84,2,4.0,7.56,26.94
84,2,5.0,4.12,-1.08
84,2,6.0,6.12,-1.08
84,2,7.0,5.12,-1.08
84,2,8.0,5.12,-2.08
84,2,9.0,5.12,-0.08
84,2,10.0,5.11,26.24
84,2,11.0,7.11,26.24
84,2,12.0,6.11,26.24
84,2,13.0,6.11,25.24
84,2,14.0,6.11,27.24
85,0,0.0,3.88,3.79
85,0,1.0,5.88,3.79
85,0,2.0,4.88,3.79
85,0,3.0,4.88,2.79
85,0,4.0,4.88,4.79
85,0,5.0,2.69,3.12
85,0,6.0,4.69,3.12
85,0,7.0,3.69,3.12
85,0,8.0,3.69,2.12
85,0,9.0,3.69,4.12
85,0,10.0,5.09,26.66
85,0,11.0,7.09,26.66
85,0,12.0,6.09,26.66
85,0,13.0,6.09,25.66
85,0,14.0,6.09,27.66
85,1,0.0,6.86,22.69
85,1,1.0,8.86,22.69
85,1,2.0,7.86,22.69
85,1,3.0,7.86,21.69
85,1,4.0,7.86,23.69
85,1,5.0,2.71,5.11
85,1,6.0,4.71,5.11
85,1,7.0,3.71,5.11
85,1,8.0,3.71,4.11
85,1,9.0,3.71,6.11
85,1,10.0,4.44,26.41
85,1,11.0,6.44,26.41
85,1,12.0,5.44,26.41
85,1,13.0,5.44,25.41
85,1,14.0,5.44,27.41
85,2,0.0,7.35,26.49
85,2,1.0,9.35,26.49
85,2,2.0,8.35,26.49
85,2,3.0,8.35,25.49
85,2,4.0,8.35,27.49
85,2,5.0,3.03,5.93
85,2,6.0,5.03,5.93
85,2,7.0,4.03,5.93
85,2,8.0,4.03,4.93
85,2,9.0,4.03,6.93
85,2,10.0,5.71,26.60
85,2,11.0,7.71,26.60
85,2,12.0,6.71,26.60
85,2,13.0,6.71,25.6
85,2,14.0,6.71,27.6
86,0,0.0,2.39,5.77
86,0,1.0,4.39,5.77
86,0,2.0,3.39,5.77
86,0,3.0,3.39,4.77
86,0,4.0,3.39,6.77
86,0,5.0,2.46,4.57
86,0,6.0,4.46,4.57
86,0,7.0,3.46,4.57
86,0,8.0,3.46,3.57
86,0,9.0,3.46,5.57
86,0,10.0,4.02,27.65
86,0,11.0,6.02,27.65
86,0,12.0,5.02,27.65
86,0,13.0,5.02,26.65
86,0,14.0,5.02,28.65
86,1,0.0,1.44,18.01
86,1,1.0,3.44,18.01
86,1,2.0,2.44,18.01
86,1,3.0,2.44,17.01
86,1,4.0,2.44,19.01
86,1,5.0,2.13,3.94
86,1,6.0,4.13,3.94
86,1,7.0,3.13,3.94
86,1,8.0,3.13,2.94
86,1,9.0,3.13,4.94
86,1,10.0,3.71,26.65
86,1,11.0,5.71,26.65
86,1,12.0,4.71,26.65
86,1,13.0,4.71,25.65
86,1,14.0,4.71,27.65
86,2,0.0,0.75,26.64
86,2,1.0,2.75,26.64
86,2,2.0,1.75,26.64
86,2,3.0,1.75,25.64
86,2,4.0,1.75,27.64
86,2,5.0,2.01,4.57
86,2,6.0,4.01,4.57
86,2,7.0,3.01,4.57
86,2,8.0,3.01,3.57
86,2,9.0,3.01,5.57
86,2,10.0,2.05,26.52
86,2,11.0,4.05,26.52
86,2,12.0,3.05,26.52
86,2,13.0,3.05,25.52
86,2,14.0,3.05,27.52
87,0,0.0,4.09,-0.15
87,0,1.0,6.09,-0.15
87,0,2.0,5.09,-0.15
87,0,3.0,5.09,-1.15
87,0,4.0,5.09,0.85
87,0,5.0,4.05,-0.46
87,0,6.0,6.05,-0.46
87,0,7.0,5.05,-0.46
87,0,8.0,5.05,-1.46
87,0,9.0,5.05,0.54
87,0,10.0,-0.78,26.34
87,0,11.0,1.22,26.34
87,0,12.0,0.22,26.34
87,0,13.0,0.22,25.34
87,0,14.0,0.22,27.34
87,1,0.0,2.42,16.58
87,1,1.0,4.42,16.58
87,1,2.0,3.42,16.58
87,1,3.0,3.42,15.58
87,1,4.0,3.42,17.58
87,1,5.0,4.07,0.59
87,1,6.0,6.07,0.59
87,1,7.0,5.07,0.59
87,1,8.0,5.07,-0.41
87,1,9.0,5.07,1.59
87,1,10.0,-0.65,26.09
87,1,11.0,1.35,26.09
87,1,12.0,0.35,26.09
87,1,13.0,0.35,25.09
87,1,14.0,0.35,27.09
87,2,0.0,1.01,25.97
87,2,1.0,3.01,25.97
87,2,2.0,2.01,25.97
87,2,3.0,2.01,24.97
87,2,4.0,2.01,26.97
87,2,5.0,3.67,0.88
87,2,6.0,5.67,0.88
87,2,7.0,4.67,0.88
87,2,8.0,4.67,-0.12
87,2,9.0,4.67,1.88
87,2,10.0,0.22,25.54
87,2,11.0,2.22,25.54
87,2,12.0,1.22,25.54
87,2,13.0,1.22,24.54
87,2,14.0,1.22,26.54
88,0,0.0,0.68,-0.79
88,0,1.0,2.68,-0.79
88,0,2.0,1.68,-0.79
88,0,3.0,1.68,-1.79
88,0,4.0,1.68,0.21
88,0,5.0,1.6,-2.01
88,0,6.0,3.6,-2.01
88,0,7.0,2.60,-2.01
88,0,8.0,2.60,-3.01
88,0,9.0,2.60,-1.01
88,0,10.0,2.92,26.21
88,0,11.0,4.92,26.21
88,0,12.0,3.92,26.21
88,0,13.0,3.92,25.21
88,0,14.0,3.92,27.21
88,1,0.0,5.4,22.28
88,1,1.0,7.4,22.28
88,1,2.0,6.40,22.28
88,1,3.0,6.40,21.28
88,1,4.0,6.40,23.28
88,1,5.0,1.76,-2.50
88,1,6.0,3.76,-2.50
88,1,7.0,2.76,-2.50
88,1,8.0,2.76,-3.5
88,1,9.0,2.76,-1.5
88,1,10.0,4.64,25.84
88,1,11.0,6.64,25.84
88,1,12.0,5.64,25.84
88,1,13.0,5.64,24.84
88,1,14.0,5.64,26.84
88,2,0.0,5.96,26.08
88,2,1.0,7.96,26.08
88,2,2.0,6.96,26.08
88,2,3.0,6.96,25.08
88,2,4.0,6.96,27.08
88,2,5.0,2.02,-2.42
88,2,6.0,4.02,-2.42
88,2,7.0,3.02,-2.42
88,2,8.0,3.02,-3.42
88,2,9.0,3.02,-1.42
88,2,10.0,5.14,26.52
88,2,11.0,7.14,26.52
88,2,12.0,6.14,26.52
88,2,13.0,6.14,25.52
88,2,14.0,6.14,27.52
89,0,0.0,1.94,-2.39
89,0,1.0,3.94,-2.39
89,0,2.0,2.94,-2.39
89,0,3.0,2.94,-3.39
89,0,4.0,2.94,-1.39
89,0,5.0,0.63,-2.52
89,0,6.0,2.63,-2.52
89,0,7.0,1.63,-2.52
89,0,8.0,1.63,-3.52
89,0,9.0,1.63,-1.52
89,0,10.0,3.81,26.59
89,0,11.0,5.81,26.59
89,0,12.0,4.81,26.59
89,0,13.0,4.81,25.59
89,0,14.0,4.81,27.59
89,1,0.0,-0.11,20.71
89,1,1.0,1.89,20.71
89,1,2.0,0.89,20.71
89,1,3.0,0.89,19.71
89,1,4.0,0.89,21.71
89,1,5.0,1.14,-2.42
89,1,6.0,3.14,-2.42
89,1,7.0,2.14,-2.42
89,1,8.0,2.14,-3.42
89,1,9.0,2.14,-1.42
89,1,10.0,1.86,26.84
89,1,11.0,3.86,26.84
89,1,12.0,2.86,26.84
89,1,13.0,2.86,25.84
89,1,14.0,2.86,27.84
89,2,0.0,-0.73,26.53
89,2,1.0,1.27,26.53
89,2,2.0,0.27,26.53
89,2,3.0,0.27,25.53
89,2,4.0,0.27,27.53
89,2,5.0,2.08,-2.12
89,2,6.0,4.08,-2.12
89,2,7.0,3.08,-2.12
89,2,8.0,3.08,-3.12
89,2,9.0,3.08,-1.12
89,2,10.0,0.41,26.72
89,2,11.0,2.41,26.72
89,2,12.0,1.41,26.72
89,2,13.0,1.41,25.72
89,2,14.0,1.41,27.72
90,0,0.0,7.37,-1.08
90,0,1.0,9.37,-1.08
90,0,2.0,8.37,-1.08
90,0,3.0,8.37,-2.08
90,0,4.0,8.37,-0.08
90,0,5.0,6.41,-2.45
90,0,6.0,8.41,-2.45
90,0,7.0,7.41,-2.45
90,0,8.0,7.41,-3.45
90,0,9.0,7.41,-1.45
90,0,10.0,-0.75,26.85
90,0,11.0,1.25,26.85
90,0,12.0,0.25,26.85
90,0,13.0,0.25,25.85
90,0,14.0,0.25,27.85
90,1,0.0,1.42,19.48
90,1,1.0,3.42,19.48
90,1,2.0,2.42,19.48
90,1,3.0,2.42,18.48
90,1,4.0,2.42,20.48
90,1,5.0,6.86,-2.56
90,1,6.0,8.86,-2.56
90,1,7.0,7.86,-2.56
90,1,8.0,7.86,-3.56
90,1,9.0,7.86,-1.56
90,1,10.0,0.67,25.84
90,1,11.0,2.67,25.84
90,1,12.0,1.67,25.84
90,1,13.0,1.67,24.84
90,1,14.0,1.67,26.84
90,2,0.0,-0.45,25.72
90,2,1.0,1.55,25.72
90,2,2.0,0.55,25.72
90,2,3.0,0.55,24.72
90,2,4.0,0.55,26.72
90,2,5.0,5.99,-2.63
90,2,6.0,7.99,-2.63
90,2,7.0,6.99,-2.63
90,2,8.0,6.99,-3.63
90,2,9.0,6.99,-1.63
90,2,10.0,0.76,25.54
90,2,11.0,2.76,25.54
90,2,12.0,1.76,25.54
90,2,13.0,1.76,24.54
90,2,14.0,1.76,26.54
91,0,0.0,-1.44,-3.44
91,0,1.0,0.56,-3.44
91,0,2.0,-0.44,-3.44
91,0,3.0,-0.44,-4.44
91,0,4.0,-0.44,-2.44
91,0,5.0,-0.62,-3.85
91,0,6.0,1.38,-3.85
91,0,7.0,0.38,-3.85
91,0,8.0,0.38,-4.85
91,0,9.0,0.38,-2.85
91,0,10.0,3.44,25.59
91,0,11.0,5.44,25.59
91,0,12.0,4.44,25.59
91,0,13.0,4.44,24.59
91,0,14.0,4.44,26.59
91,1,0.0,6.61,21.33
91,1,1.0,8.61,21.33
91,1,2.0,7.61,21.33
91,1,3.0,7.61,20.33
91,1,4.0,7.61,22.33
91,1,5.0,-0.65,-3.47
91,1,6.0,1.35,-3.47
91,1,7.0,0.35,-3.47
91,1,8.0,0.35,-4.47
91,1,9.0,0.35,-2.47
91,1,10.0,5.96,25.23
91,1,11.0,7.96,25.23
91,1,12.0,6.96,25.23
91,1,13.0,6.96,24.23
91,1,14.0,6.96,26.23
91,2,0.0,7.86,25.29
91,2,1.0,9.86,25.29
91,2,2.0,8.86,25.29
91,2,3.0,8.86,24.29
91,2,4.0,8.86,26.29
91,2,5.0,0.09,-2.96
91,2,6.0,2.09,-2.96
91,2,7.0,1.09,-2.96
91,2,8.0,1.09,-3.96
91,2,9.0,1.09,-1.96
91,2,10.0,6.98,25.47
91,2,11.0,8.98,25.47
91,2,12.0,7.98,25.47
91,2,13.0,7.98,24.47
91,2,14.0,7.98,26.47
92,0,0.0,4.05,0.38
92,0,1.0,6.05,0.38
92,0,2.0,5.05,0.38
92,0,3.0,5.05,-0.62
92,0,4.0,5.05,1.38
92,0,5.0,4.06,-0.27
92,0,6.0,6.06,-0.27
92,0,7.0,5.06,-0.27
92,0,8.0,5.06,-1.27
92,0,9.0,5.06,0.73
92,0,10.0,-0.64,26.61
92,0,11.0,1.36,26.61
92,0,12.0,0.36,26.61
92,0,13.0,0.36,25.61
92,0,14.0,0.36,27.61
92,1,0.0,0.0,17.21
92,1,1.0,2.0,17.21
92,1,2.0,1.00,17.21
92,1,3.0,1.00,16.21
92,1,4.0,1.00,18.21
92,1,5.0,4.02,0.81
92,1,6.0,6.02,0.81
92,1,7.0,5.02,0.81
92,1,8.0,5.02,-0.19
92,1,9.0,5.02,1.81
92,1,10.0,-0.6,25.83
92,1,11.0,1.4,25.83
92,1,12.0,0.40,25.83
92,1,13.0,0.40,24.83
92,1,14.0,0.40,26.83
92,2,0.0,-2.28,25.12
92,2,1.0,-0.28,25.12
92,2,2.0,-1.28,25.12
92,2,3.0,-1.28,24.12
92,2,4.0,-1.28,26.12
92,2,5.0,3.96,0.74
92,2,6.0,5.96,0.74
92,2,7.0,4.96,0.74
92,2,8.0,4.96,-0.26
92,2,9.0,4.96,1.74
92,2,10.0,-1.54,25.53
92,2,11.0,0.46,25.53
92,2,12.0,-0.54,25.53
92,2,13.0,-0.54,24.53
92,2,14.0,-0.54,26.53
93,0,0.0,3.3,-0.45
93,0,1.0,5.3,-0.45
93,0,2.0,4.30,-0.45
93,0,3.0,4.30,-1.45
93,0,4.0,4.30,0.55
93,0,5.0,4.19,-0.99
93,0,6.0,6.19,-0.99
93,0,7.0,5.19,-0.99
93,0,8.0,5.19,-1.99
93,0,9.0,5.19,0.01
93,0,10.0,0.02,25.13
93,0,11.0,2.02,25.13
93,0,12.0,1.02,25.13
93,0,13.0,1.02,24.13
93,0,14.0,1.02,26.13
93,1,0.0,1.18,21.17
93,1,1.0,3.18,21.17
93,1,2.0,2.18,21.17
93,1,3.0,2.18,20.17
93,1,4.0,2.18,22.17
93,1,5.0,4.19,-1.37
93,1,6.0,6.19,-1.37
93,1,7.0,5.19,-1.37
93,1,8.0,5.19,-2.37
93,1,9.0,5.19,-0.37
93,1,10.0,1.87,24.63
93,1,11.0,3.87,24.63
93,1,12.0,2.87,24.63
93,1,13.0,2.87,23.63
93,1,14.0,2.87,25.63
93,2,0.0,0.81,24.96
93,2,1.0,2.81,24.96
93,2,2.0,1.81,24.96
93,2,3.0,1.81,23.96
93,2,4.0,1.81,25.96
93,2,5.0,4.04,-1.62
93,2,6.0,6.04,-1.62
93,2,7.0,5.04,-1.62
93,2,8.0,5.04,-2.62
93,2,9.0,5.04,-0.62
93,2,10.0,1.84,24.74
93,2,11.0,3.84,24.74
93,2,12.0,2.84,24.74
93,2,13.0,2.84,23.74
93,2,14.0,2.84,25.74
94,0,0.0,-0.04,-1.08
94,0,1.0,1.96,-1.08
94,0,2.0,0.96,-1.08
94,0,3.0,0.96,-2.08
94,0,4.0,0.96,-0.08
94,0,5.0,0.94,-1.70
94,0,6.0,2.94,-1.70
94,0,7.0,1.94,-1.70
94,0,8.0,1.94,-2.7
94,0,9.0,1.94,-0.7
94,0,10.0,3.16,25.85
94,0,11.0,5.16,25.85
94,0,12.0,4.16,25.85
94,0,13.0,4.16,24.85
94,0,14.0,4.16,26.85
94,1,0.0,0.27,21.77
94,1,1.0,2.27,21.77
94,1,2.0,1.27,21.77
94,1,3.0,1.27,20.77
94,1,4.0,1.27,22.77
94,1,5.0,0.15,-1.60
94,1,6.0,2.15,-1.60
94,1,7.0,1.15,-1.60
94,1,8.0,1.15,-2.6
94,1,9.0,1.15,-0.6
94,1,10.0,2.24,25.79
94,1,11.0,4.24,25.79
94,1,12.0,3.24,25.79
94,1,13.0,3.24,24.79
94,1,14.0,3.24,26.79
94,2,0.0,0.36,26.01
94,2,1.0,2.36,26.01
94,2,2.0,1.36,26.01
94,2,3.0,1.36,25.01
94,2,4.0,1.36,27.01
94,2,5.0,0.81,-1.42
94,2,6.0,2.81,-1.42
94,2,7.0,1.81,-1.42
94,2,8.0,1.81,-2.42
94,2,9.0,1.81,-0.42
94,2,10.0,1.37,25.72
94,2,11.0,3.37,25.72
94,2,12.0,2.37,25.72
94,2,13.0,2.37,24.72
94,2,14.0,2.37,26.72
95,0,0.0,5.36,-0.77
95,0,1.0,7.36,-0.77
95,0,2.0,6.36,-0.77
95,0,3.0,6.36,-1.77
95,0,4.0,6.36,0.23
95,0,5.0,4.36,-1.29
95,0,6.0,6.36,-1.29
95,0,7.0,5.36,-1.29
95,0,8.0,5.36,-2.29
95,0,9.0,5.36,-0.29
95,0,10.0,1.63,26.14
95,0,11.0,3.63,26.14
95,0,12.0,2.63,26.14
95,0,13.0,2.63,25.14
95,0,14.0,2.63,27.14
95,1,0.0,-0.54,20.76
95,1,1.0,1.46,20.76
95,1,2.0,0.46,20.76
95,1,3.0,0.46,19.76
95,1,4.0,0.46,21.76
95,1,5.0,4.79,-2.38
95,1,6.0,6.79,-2.38
95,1,7.0,5.79,-2.38
95,1,8.0,5.79,-3.38
95,1,9.0,5.79,-1.38
95,1,10.0,1.19,25.66
95,1,11.0,3.19,25.66
95,1,12.0,2.19,25.66
95,1,13.0,2.19,24.66
95,1,14.0,2.19,26.66
95,2,0.0,-1.74,25.82
95,2,1.0,0.26,25.82
95,2,2.0,-0.74,25.82
95,2,3.0,-0.74,24.82
95,2,4.0,-0.74,26.82
95,2,5.0,4.46,-1.75
95,2,6.0,6.46,-1.75
95,2,7.0,5.46,-1.75
95,2,8.0,5.46,-2.75
95,2,9.0,5.46,-0.75
95,2,10.0,-0.38,25.54
95,2,11.0,1.62,25.54
95,2,12.0,0.62,25.54
95,2,13.0,0.62,24.54
95,2,14.0,0.62,26.54
96,0,0.0,2.95,2.61
96,0,1.0,4.95,2.61
96,0,2.0,3.95,2.61
96,0,3.0,3.95,1.61
96,0,4.0,3.95,3.61
96,0,5.0,3.69,1.79
96,0,6.0,5.69,1.79
96,0,7.0,4.69,1.79
96,0,8.0,4.69,0.79
96,0,9.0,4.69,2.79
96,0,10.0,0.69,25.84
96,0,11.0,2.69,25.84
96,0,12.0,1.69,25.84
96,0,13.0,1.69,24.84
96,0,14.0,1.69,26.84
96,1,0.0,5.87,22.42
96,1,1.0,7.87,22.42
96,1,2.0,6.87,22.42
96,1,3.0,6.87,21.42
96,1,4.0,6.87,23.42
96,1,5.0,4.1,3.67
96,1,6.0,6.1,3.67
96,1,7.0,5.10,3.67
96,1,8.0,5.10,2.67
96,1,9.0,5.10,4.67
96,1,10.0,3.79,26.82
96,1,11.0,5.79,26.82
96,1,12.0,4.79,26.82
96,1,13.0,4.79,25.82
96,1,14.0,4.79,27.82
96,2,0.0,6.5,26.59
96,2,1.0,8.5,26.59
96,2,2.0,7.50,26.59
96,2,3.0,7.50,25.59
96,2,4.0,7.50,27.59
96,2,5.0,3.84,4.76
96,2,6.0,5.84,4.76
96,2,7.0,4.84,4.76
96,2,8.0,4.84,3.76
96,2,9.0,4.84,5.76
96,2,10.0,5.32,26.71
96,2,11.0,7.32,26.71
96,2,12.0,6.32,26.71
96,2,13.0,6.32,25.71
96,2,14.0,6.32,27.71
97,0,0.0,4.03,0.40
97,0,1.0,6.03,0.40
97,0,2.0,5.03,0.40
97,0,3.0,5.03,-0.6
97,0,4.0,5.03,1.4
97,0,5.0,4.04,-0.42
97,0,6.0,6.04,-0.42
97,0,7.0,5.04,-0.42
97,0,8.0,5.04,-1.42
97,0,9.0,5.04,0.58
97,0,10.0,-0.6,26.63
97,0,11.0,1.4,26.63
97,0,12.0,0.40,26.63
97,0,13.0,0.40,25.63
97,0,14.0,0.40,27.63
97,1,0.0,-0.83,17.43
97,1,1.0,1.17,17.43
97,1,2.0,0.17,17.43
97,1,3.0,0.17,16.43
97,1,4.0,0.17,18.43
97,1,5.0,4.08,0.74
97,1,6.0,6.08,0.74
97,1,7.0,5.08,0.74
97,1,8.0,5.08,-0.26
97,1,9.0,5.08,1.74
97,1,10.0,-0.77,25.93
97,1,11.0,1.23,25.93
97,1,12.0,0.23,25.93
97,1,13.0,0.23,24.93
97,1,14.0,0.23,26.93
97,2,0.0,-3.49,25.66
97,2,1.0,-1.49,25.66
97,2,2.0,-2.49,25.66
97,2,3.0,-2.49,24.66
97,2,4.0,-2.49,26.66
97,2,5.0,3.89,0.60
97,2,6.0,5.89,0.60
97,2,7.0,4.89,0.60
97,2,8.0,4.89,-0.4
97,2,9.0,4.89,1.6
97,2,10.0,-2.11,25.77
97,2,11.0,-0.11,25.77
97,2,12.0,-1.11,25.77
97,2,13.0,-1.11,24.77
97,2,14.0,-1.11,26.77
98,0,0.0,1.52,2.89
98,0,1.0,3.52,2.89
98,0,2.0,2.52,2.89
98,0,3.0,2.52,1.89
98,0,4.0,2.52,3.89
98,0,5.0,2.54,1.82
98,0,6.0,4.54,1.82
98,0,7.0,3.54,1.82
98,0,8.0,3.54,0.82
98,0,9.0,3.54,2.82
98,0,10.0,-1.03,25.30
98,0,11.0,0.97,25.30
98,0,12.0,-0.03,25.30
98,0,13.0,-0.03,24.3
98,0,14.0,-0.03,26.3
98,1,0.0,5.96,21.00
98,1,1.0,7.96,21.00
98,1,2.0,6.96,21.00
98,1,3.0,6.96,20.0
98,1,4.0,6.96,22.0
98,1,5.0,2.27,3.85
98,1,6.0,4.27,3.85
98,1,7.0,3.27,3.85
98,1,8.0,3.27,2.85
98,1,9.0,3.27,4.85
98,1,10.0,3.42,25.78
98,1,11.0,5.42,25.78
98,1,12.0,4.42,25.78
98,1,13.0,4.42,24.78
98,1,14.0,4.42,26.78
98,2,0.0,7.08,26.51
98,2,1.0,9.08,26.51
98,2,2.0,8.08,26.51
98,2,3.0,8.08,25.51
98,2,4.0,8.08,27.51
98,2,5.0,2.79,5.29
98,2,6.0,4.79,5.29
98,2,7.0,3.79,5.29
98,2,8.0,3.79,4.29
98,2,9.0,3.79,6.29
98,2,10.0,5.98,26.58
98,2,11.0,7.98,26.58
98,2,12.0,6.98,26.58
98,2,13.0,6.98,25.58
98,2,14.0,6.98,27.58
99,0,0.0,1.95,2.97
99,0,1.0,3.95,2.97
99,0,2.0,2.95,2.97
99,0,3.0,2.95,1.97
99,0,4.0,2.95,3.97
99,0,5.0,2.02,2.43
99,0,6.0,4.02,2.43
99,0,7.0,3.02,2.43
99,0,8.0,3.02,1.43
99,0,9.0,3.02,3.43
99,0,10.0,4.89,30.02
99,0,11.0,6.89,30.02
99,0,12.0,5.89,30.02
99,0,13.0,5.89,29.02
99,0,14.0,5.89,31.02
99,1,0.0,5.22,17.32
99,1,1.0,7.22,17.32
99,1,2.0,6.22,17.32
99,1,3.0,6.22,16.32
99,1,4.0,6.22,18.32
99,1,5.0,1.33,1.82
99,1,6.0,3.33,1.82
99,1,7.0,2.33,1.82
99,1,8.0,2.33,0.82
99,1,9.0,2.33,2.82
99,1,10.0,4.86,30.29
99,1,11.0,6.86,30.29
99,1,12.0,5.86,30.29
99,1,13.0,5.86,29.29
99,1,14.0,5.86,31.29
99,2,0.0,7.97,29.86
99,2,1.0,9.97,29.86
99,2,2.0,8.97,29.86
99,2,3.0,8.97,28.86
99,2,4.0,8.97,30.86
99,2,5.0,1.01,0.81
99,2,6.0,3.01,0.81
99,2,7.0,2.01,0.81
99,2,8.0,2.01,-0.19
99,2,9.0,2.01,1.81
99,2,10.0,7.01,29.94
99,2,11.0,9.01,29.94
99,2,12.0,8.01,29.94
99,2,13.0,8.01,28.94
99,2,14.0,8.01,30.94
100,0,0.0,2.33,-0.61
100,0,1.0,4.33,-0.61
100,0,2.0,3.33,-0.61
100,0,3.0,3.33,-1.61
100,0,4.0,3.33,0.39
100,0,5.0,1.14,-0.71
100,0,6.0,3.14,-0.71
100,0,7.0,2.14,-0.71
100,0,8.0,2.14,-1.71
100,0,9.0,2.14,0.29
100,0,10.0,6.19,27.78
100,0,11.0,8.19,27.78
100,0,12.0,7.19,27.78
100,0,13.0,7.19,26.78
100,0,14.0,7.19,28.78
100,1,0.0,0.05,21.18
100,1,1.0,2.05,21.18
100,1,2.0,1.05,21.18
100,1,3.0,1.05,20.18
100,1,4.0,1.05,22.18
100,1,5.0,1.52,-1.54
100,1,6.0,3.52,-1.54
100,1,7.0,2.52,-1.54
100,1,8.0,2.52,-2.54
100,1,9.0,2.52,-0.54
100,1,10.0,2.51,26.90
100,1,11.0,4.51,26.90
100,1,12.0,3.51,26.90
100,1,13.0,3.51,25.9
100,1,14.0,3.51,27.9
100,2,0.0,-0.46,26.80
100,2,1.0,1.54,26.80
100,2,2.0,0.54,26.80
100,2,3.0,0.54,25.8
100,2,4.0,0.54,27.8
100,2,5.0,2.58,-1.56
100,2,6.0,4.58,-1.56
100,2,7.0,3.58,-1.56
100,2,8.0,3.58,-2.56
100,2,9.0,3.58,-0.56
100,2,10.0,0.56,27.09
100,2,11.0,2.56,27.09
100,2,12.0,1.56,27.09
100,2,13.0,1.56,26.09
100,2,14.0,1.56,28.09
101,0,0.0,0.72,-0.52
101,0,1.0,2.72,-0.52
101,0,2.0,1.72,-0.52
101,0,3.0,1.72,-1.52
101,0,4.0,1.72,0.48
101,0,5.0,1.5,-1.12
101,0,6.0,3.5,-1.12
101,0,7.0,2.50,-1.12
101,0,8.0,2.50,-2.12
101,0,9.0,2.50,-0.12
101,0,10.0,0.95,26.50
101,0,11.0,2.95,26.50
101,0,12.0,1.95,26.50
101,0,13.0,1.95,25.5
101,0,14.0,1.95,27.5
101,1,0.0,4.89,22.44
101,1,1.0,6.89,22.44
101,1,2.0,5.89,22.44
101,1,3.0,5.89,21.44
101,1,4.0,5.89,23.44
101,1,5.0,1.87,-0.98
101,1,6.0,3.87,-0.98
101,1,7.0,2.87,-0.98
101,1,8.0,2.87,-1.98
101,1,9.0,2.87,0.02
101,1,10.0,3.85,25.89
101,1,11.0,5.85,25.89
101,1,12.0,4.85,25.89
101,1,13.0,4.85,24.89
101,1,14.0,4.85,26.89
101,2,0.0,5.31,25.60
101,2,1.0,7.31,25.60
101,2,2.0,6.31,25.60
101,2,3.0,6.31,24.6
101,2,4.0,6.31,26.6
101,2,5.0,2.07,-1.04
101,2,6.0,4.07,-1.04
101,2,7.0,3.07,-1.04
101,2,8.0,3.07,-2.04
101,2,9.0,3.07,-0.04
101,2,10.0,4.54,26.00
101,2,11.0,6.54,26.00
101,2,12.0,5.54,26.00
101,2,13.0,5.54,25.0
101,2,14.0,5.54,27.0
102,0,0.0,4.03,0.43
102,0,1.0,6.03,0.43
102,0,2.0,5.03,0.43
102,0,3.0,5.03,-0.57
102,0,4.0,5.03,1.43
102,0,5.0,4.06,-0.20
102,0,6.0,6.06,-0.20
102,0,7.0,5.06,-0.20
102,0,8.0,5.06,-1.2
102,0,9.0,5.06,0.8
102,0,10.0,-0.7,26.42
102,0,11.0,1.3,26.42
102,0,12.0,0.30,26.42
102,0,13.0,0.30,25.42
102,0,14.0,0.30,27.42
102,1,0.0,0.1,17.62
102,1,1.0,2.1,17.62
102,1,2.0,1.10,17.62
102,1,3.0,1.10,16.62
102,1,4.0,1.10,18.62
102,1,5.0,4.01,0.81
102,1,6.0,6.01,0.81
102,1,7.0,5.01,0.81
102,1,8.0,5.01,-0.19
102,1,9.0,5.01,1.81
102,1,10.0,-0.74,25.90
102,1,11.0,1.26,25.90
102,1,12.0,0.26,25.90
102,1,13.0,0.26,24.9
102,1,14.0,0.26,26.9
102,2,0.0,-2.3,25.90
102,2,1.0,-0.3,25.90
102,2,2.0,-1.30,25.90
102,2,3.0,-1.30,24.9
102,2,4.0,-1.30,26.9
102,2,5.0,3.91,0.99
102,2,6.0,5.91,0.99
102,2,7.0,4.91,0.99
102,2,8.0,4.91,-0.01
102,2,9.0,4.91,1.99
102,2,10.0,-1.28,25.25
102,2,11.0,0.72,25.25
102,2,12.0,-0.28,25.25
102,2,13.0,-0.28,24.25
102,2,14.0,-0.28,26.25
103,0,0.0,5.77,0.47
103,0,1.0,7.77,0.47
103,0,2.0,6.77,0.47
103,0,3.0,6.77,-0.53
103,0,4.0,6.77,1.47
103,0,5.0,4.37,-0.18
103,0,6.0,6.37,-0.18
103,0,7.0,5.37,-0.18
103,0,8.0,5.37,-1.18
103,0,9.0,5.37,0.82
103,0,10.0,0.22,25.81
103,0,11.0,2.22,25.81
103,0,12.0,1.22,25.81
103,0,13.0,1.22,24.81
103,0,14.0,1.22,26.81
103,1,0.0,5.79,17.66
103,1,1.0,7.79,17.66
103,1,2.0,6.79,17.66
103,1,3.0,6.79,16.66
103,1,4.0,6.79,18.66
103,1,5.0,4.51,-0.49
103,1,6.0,6.51,-0.49
103,1,7.0,5.51,-0.49
103,1,8.0,5.51,-1.49
103,1,9.0,5.51,0.51
103,1,10.0,2.75,26.54
103,1,11.0,4.75,26.54
103,1,12.0,3.75,26.54
103,1,13.0,3.75,25.54
103,1,14.0,3.75,27.54
103,2,0.0,5.75,25.71
103,2,1.0,7.75,25.71
103,2,2.0,6.75,25.71
103,2,3.0,6.75,24.71
103,2,4.0,6.75,26.71
103,2,5.0,3.34,-0.26
103,2,6.0,5.34,-0.26
103,2,7.0,4.34,-0.26
103,2,8.0,4.34,-1.26
103,2,9.0,4.34,0.74
103,2,10.0,4.8,26.32
103,2,11.0,6.8,26.32
103,2,12.0,5.80,26.32
103,2,13.0,5.80,25.32
103,2,14.0,5.80,27.32
104,0,0.0,1.76,1.20
104,0,1.0,3.76,1.20
104,0,2.0,2.76,1.20
104,0,3.0,2.76,0.2
104,0,4.0,2.76,2.2
104,0,5.0,0.77,0.53
104,0,6.0,2.77,0.53
104,0,7.0,1.77,0.53
104,0,8.0,1.77,-0.47
104,0,9.0,1.77,1.53
104,0,10.0,4.13,26.53
104,0,11.0,6.13,26.53
104,0,12.0,5.13,26.53
104,0,13.0,5.13,25.53
104,0,14.0,5.13,27.53
104,1,0.0,0.05,18.57
104,1,1.0,2.05,18.57
104,1,2.0,1.05,18.57
104,1,3.0,1.05,17.57
104,1,4.0,1.05,19.57
104,1,5.0,0.92,0.53
104,1,6.0,2.92,0.53
104,1,7.0,1.92,0.53
104,1,8.0,1.92,-0.47
104,1,9.0,1.92,1.53
104,1,10.0,2.24,26.47
104,1,11.0,4.24,26.47
104,1,12.0,3.24,26.47
104,1,13.0,3.24,25.47
104,1,14.0,3.24,27.47
104,2,0.0,-0.85,26.89
104,2,1.0,1.15,26.89
104,2,2.0,0.15,26.89
104,2,3.0,0.15,25.89
104,2,4.0,0.15,27.89
104,2,5.0,1.96,-0.02
104,2,6.0,3.96,-0.02
104,2,7.0,2.96,-0.02
104,2,8.0,2.96,-1.02
104,2,9.0,2.96,0.98
104,2,10.0,0.24,26.40
104,2,11.0,2.24,26.40
104,2,12.0,1.24,26.40
104,2,13.0,1.24,25.4
104,2,14.0,1.24,27.4
105,0,0.0,3.97,2.46
105,0,1.0,5.97,2.46
105,0,2.0,4.97,2.46
105,0,3.0,4.97,1.46
105,0,4.0,4.97,3.46
105,0,5.0,2.68,1.37
105,0,6.0,4.68,1.37
105,0,7.0,3.68,1.37
105,0,8.0,3.68,0.37
105,0,9.0,3.68,2.37
105,0,10.0,2.03,27.91
105,0,11.0,4.03,27.91
105,0,12.0,3.03,27.91
105,0,13.0,3.03,26.91
105,0,14.0,3.03,28.91
105,1,0.0,6.24,22.39
105,1,1.0,8.24,22.39
105,1,2.0,7.24,22.39
105,1,3.0,7.24,21.39
105,1,4.0,7.24,23.39
105,1,5.0,2.72,2.93
105,1,6.0,4.72,2.93
105,1,7.0,3.72,2.93
105,1,8.0,3.72,1.93
105,1,9.0,3.72,3.93
105,1,10.0,4.05,27.98
105,1,11.0,6.05,27.98
105,1,12.0,5.05,27.98
105,1,13.0,5.05,26.98
105,1,14.0,5.05,28.98
105,2,0.0,6.96,28.02
105,2,1.0,8.96,28.02
105,2,2.0,7.96,28.02
105,2,3.0,7.96,27.02
105,2,4.0,7.96,29.02
105,2,5.0,3.07,4.49
105,2,6.0,5.07,4.49
105,2,7.0,4.07,4.49
105,2,8.0,4.07,3.49
105,2,9.0,4.07,5.49
105,2,10.0,5.64,28.54
105,2,11.0,7.64,28.54
105,2,12.0,6.64,28.54
105,2,13.0,6.64,27.54
105,2,14.0,6.64,29.54
106,0,0.0,3.8,4.19
106,0,1.0,5.8,4.19
106,0,2.0,4.80,4.19
106,0,3.0,4.80,3.19
106,0,4.0,4.80,5.19
106,0,5.0,3.76,3.42
106,0,6.0,5.76,3.42
106,0,7.0,4.76,3.42
106,0,8.0,4.76,2.42
106,0,9.0,4.76,4.42
106,0,10.0,4.45,30.05
106,0,11.0,6.45,30.05
106,0,12.0,5.45,30.05
106,0,13.0,5.45,29.05
106,0,14.0,5.45,31.05
106,1,0.0,5.8,19.31
106,1,1.0,7.8,19.31
106,1,2.0,6.80,19.31
106,1,3.0,6.80,18.31
106,1,4.0,6.80,20.31
106,1,5.0,3.58,2.89
106,1,6.0,5.58,2.89
106,1,7.0,4.58,2.89
106,1,8.0,4.58,1.89
106,1,9.0,4.58,3.89
106,1,10.0,4.09,30.31
106,1,11.0,6.09,30.31
106,1,12.0,5.09,30.31
106,1,13.0,5.09,29.31
106,1,14.0,5.09,31.31
106,2,0.0,7.01,30.28
106,2,1.0,9.01,30.28
106,2,2.0,8.01,30.28
106,2,3.0,8.01,29.28
106,2,4.0,8.01,31.28
106,2,5.0,3.51,4.01
106,2,6.0,5.51,4.01
106,2,7.0,4.51,4.01
106,2,8.0,4.51,3.01
106,2,9.0,4.51,5.01
106,2,10.0,5.44,30.36
106,2,11.0,7.44,30.36
106,2,12.0,6.44,30.36
106,2,13.0,6.44,29.36
106,2,14.0,6.44,31.36
107,0,0.0,3.97,0.63
107,0,1.0,5.97,0.63
107,0,2.0,4.97,0.63
107,0,3.0,4.97,-0.37
107,0,4.0,4.97,1.63
107,0,5.0,4.07,-0.26
107,0,6.0,6.07,-0.26
107,0,7.0,5.07,-0.26
107,0,8.0,5.07,-1.26
107,0,9.0,5.07,0.74
107,0,10.0,-0.85,27.08
107,0,11.0,1.15,27.08
107,0,12.0,0.15,27.08
107,0,13.0,0.15,26.08
107,0,14.0,0.15,28.08
107,1,0.0,-0.71,17.74
107,1,1.0,1.29,17.74
107,1,2.0,0.29,17.74
107,1,3.0,0.29,16.74
107,1,4.0,0.29,18.74
107,1,5.0,3.93,0.85
107,1,6.0,5.93,0.85
107,1,7.0,4.93,0.85
107,1,8.0,4.93,-0.15
107,1,9.0,4.93,1.85
107,1,10.0,-0.97,26.31
107,1,11.0,1.03,26.31
107,1,12.0,0.03,26.31
107,1,13.0,0.03,25.31
107,1,14.0,0.03,27.31
107,2,0.0,-3.19,25.72
107,2,1.0,-1.19,25.72
107,2,2.0,-2.19,25.72
107,2,3.0,-2.19,24.72
107,2,4.0,-2.19,26.72
107,2,5.0,3.9,0.79
107,2,6.0,5.9,0.79
107,2,7.0,4.90,0.79
107,2,8.0,4.90,-0.21
107,2,9.0,4.90,1.79
107,2,10.0,-2.22,26.33
107,2,11.0,-0.22,26.33
107,2,12.0,-1.22,26.33
107,2,13.0,-1.22,25.33
107,2,14.0,-1.22,27.33
108,0,0.0,6.06,0.20
108,0,1.0,8.06,0.20
108,0,2.0,7.06,0.20
108,0,3.0,7.06,-0.8
108,0,4.0,7.06,1.2
108,0,5.0,4.88,-0.05
108,0,6.0,6.88,-0.05
108,0,7.0,5.88,-0.05
108,0,8.0,5.88,-1.05
108,0,9.0,5.88,0.95
108,0,10.0,-1.17,25.40
108,0,11.0,0.83,25.40
108,0,12.0,-0.17,25.40
108,0,13.0,-0.17,24.4
108,0,14.0,-0.17,26.4
108,1,0.0,5.99,20.11
108,1,1.0,7.99,20.11
108,1,2.0,6.99,20.11
108,1,3.0,6.99,19.11
108,1,4.0,6.99,21.11
108,1,5.0,5.16,0.02
108,1,6.0,7.16,0.02
108,1,7.0,6.16,0.02
108,1,8.0,6.16,-0.98
108,1,9.0,6.16,1.02
108,1,10.0,1.83,26.58
108,1,11.0,3.83,26.58
108,1,12.0,2.83,26.58
108,1,13.0,2.83,25.58
108,1,14.0,2.83,27.58
108,2,0.0,5.94,27.68
108,2,1.0,7.94,27.68
108,2,2.0,6.94,27.68
108,2,3.0,6.94,26.68
108,2,4.0,6.94,28.68
108,2,5.0,4.52,1.56
108,2,6.0,6.52,1.56
108,2,7.0,5.52,1.56
108,2,8.0,5.52,0.56
108,2,9.0,5.52,2.56
108,2,10.0,4.76,27.88
108,2,11.0,6.76,27.88
108,2,12.0,5.76,27.88
108,2,13.0,5.76,26.88
108,2,14.0,5.76,28.88
109,0,0.0,0.11,1.41
109,0,1.0,2.11,1.41
109,0,2.0,1.11,1.41
109,0,3.0,1.11,0.41
109,0,4.0,1.11,2.41
109,0,5.0,1.01,0.67
109,0,6.0,3.01,0.67
109,0,7.0,2.01,0.67
109,0,8.0,2.01,-0.33
109,0,9.0,2.01,1.67
109,0,10.0,5.75,27.37
109,0,11.0,7.75,27.37
109,0,12.0,6.75,27.37
109,0,13.0,6.75,26.37
109,0,14.0,6.75,28.37
109,1,0.0,0.54,22.28
109,1,1.0,2.54,22.28
109,1,2.0,1.54,22.28
109,1,3.0,1.54,21.28
109,1,4.0,1.54,23.28
109,1,5.0,1.39,0.04
109,1,6.0,3.39,0.04
109,1,7.0,2.39,0.04
109,1,8.0,2.39,-0.96
109,1,9.0,2.39,1.04
109,1,10.0,2.49,26.55
109,1,11.0,4.49,26.55
109,1,12.0,3.49,26.55
109,1,13.0,3.49,25.55
109,1,14.0,3.49,27.55
109,2,0.0,0.57,26.37
109,2,1.0,2.57,26.37
109,2,2.0,1.57,26.37
109,2,3.0,1.57,25.37
109,2,4.0,1.57,27.37
109,2,5.0,1.95,-0.39
109,2,6.0,3.95,-0.39
109,2,7.0,2.95,-0.39
109,2,8.0,2.95,-1.39
109,2,9.0,2.95,0.61
109,2,10.0,1.62,26.46
109,2,11.0,3.62,26.46
109,2,12.0,2.62,26.46
109,2,13.0,2.62,25.46
109,2,14.0,2.62,27.46
110,0,0.0,5.98,-0.45
110,0,1.0,7.98,-0.45
110,0,2.0,6.98,-0.45
110,0,3.0,6.98,-1.45
110,0,4.0,6.98,0.55
110,0,5.0,5.07,-1.63
110,0,6.0,7.07,-1.63
110,0,7.0,6.07,-1.63
110,0,8.0,6.07,-2.63
110,0,9.0,6.07,-0.63
110,0,10.0,1.82,26.47
110,0,11.0,3.82,26.47
110,0,12.0,2.82,26.47
110,0,13.0,2.82,25.47
110,0,14.0,2.82,27.47
110,1,0.0,1.1,19.56
110,1,1.0,3.1,19.56
110,1,2.0,2.10,19.56
110,1,3.0,2.10,18.56
110,1,4.0,2.10,20.56
110,1,5.0,4.91,-2.22
110,1,6.0,6.91,-2.22
110,1,7.0,5.91,-2.22
110,1,8.0,5.91,-3.22
110,1,9.0,5.91,-1.22
110,1,10.0,1.31,25.59
110,1,11.0,3.31,25.59
110,1,12.0,2.31,25.59
110,1,13.0,2.31,24.59
110,1,14.0,2.31,26.59
110,2,0.0,-0.21,25.37
110,2,1.0,1.79,25.37
110,2,2.0,0.79,25.37
110,2,3.0,0.79,24.37
110,2,4.0,0.79,26.37
110,2,5.0,4.5,-2.57
110,2,6.0,6.5,-2.57
110,2,7.0,5.50,-2.57
110,2,8.0,5.50,-3.57
110,2,9.0,5.50,-1.57
110,2,10.0,0.86,25.18
110,2,11.0,2.86,25.18
110,2,12.0,1.86,25.18
110,2,13.0,1.86,24.18
110,2,14.0,1.86,26.18
111,0,0.0,8.27,-1.81
111,0,1.0,10.27,-1.81
111,0,2.0,9.27,-1.81
111,0,3.0,9.27,-2.81
111,0,4.0,9.27,-0.81
111,0,5.0,6.9,-2.63
111,0,6.0,8.9,-2.63
111,0,7.0,7.90,-2.63
111,0,8.0,7.90,-3.63
111,0,9.0,7.90,-1.63
111,0,10.0,1.65,25.27
111,0,11.0,3.65,25.27
111,0,12.0,2.65,25.27
111,0,13.0,2.65,24.27
111,0,14.0,2.65,26.27
111,1,0.0,1.16,16.85
111,1,1.0,3.16,16.85
111,1,2.0,2.16,16.85
111,1,3.0,2.16,15.85
111,1,4.0,2.16,17.85
111,1,5.0,8.26,-2.69
111,1,6.0,10.26,-2.69
111,1,7.0,9.26,-2.69
111,1,8.0,9.26,-3.69
111,1,9.0,9.26,-1.69
111,1,10.0,1.43,24.87
111,1,11.0,3.43,24.87
111,1,12.0,2.43,24.87
111,1,13.0,2.43,23.87
111,1,14.0,2.43,25.87
111,2,0.0,-1.5,23.54
111,2,1.0,0.5,23.54
111,2,2.0,-0.50,23.54
111,2,3.0,-0.50,22.54
111,2,4.0,-0.50,24.54
111,2,5.0,6.89,-2.35
111,2,6.0,8.89,-2.35
111,2,7.0,7.89,-2.35
111,2,8.0,7.89,-3.35
111,2,9.0,7.89,-1.35
111,2,10.0,-0.54,23.68
111,2,11.0,1.46,23.68
111,2,12.0,0.46,23.68
111,2,13.0,0.46,22.68
111,2,14.0,0.46,24.68
112,0,0.0,4.04,0.67
112,0,1.0,6.04,0.67
112,0,2.0,5.04,0.67
112,0,3.0,5.04,-0.33
112,0,4.0,5.04,1.67
112,0,5.0,4.02,-0.26
112,0,6.0,6.02,-0.26
112,0,7.0,5.02,-0.26
112,0,8.0,5.02,-1.26
112,0,9.0,5.02,0.74
112,0,10.0,-0.74,26.38
112,0,11.0,1.26,26.38
112,0,12.0,0.26,26.38
112,0,13.0,0.26,25.38
112,0,14.0,0.26,27.38
112,1,0.0,1.58,17.23
112,1,1.0,3.58,17.23
112,1,2.0,2.58,17.23
112,1,3.0,2.58,16.23
112,1,4.0,2.58,18.23
112,1,5.0,3.96,0.61
112,1,6.0,5.96,0.61
112,1,7.0,4.96,0.61
112,1,8.0,4.96,-0.39
112,1,9.0,4.96,1.61
112,1,10.0,-0.69,25.86
112,1,11.0,1.31,25.86
112,1,12.0,0.31,25.86
112,1,13.0,0.31,24.86
112,1,14.0,0.31,26.86
112,2,0.0,-0.01,25.83
112,2,1.0,1.99,25.83
112,2,2.0,0.99,25.83
112,2,3.0,0.99,24.83
112,2,4.0,0.99,26.83
112,2,5.0,3.84,1.01
112,2,6.0,5.84,1.01
112,2,7.0,4.84,1.01
112,2,8.0,4.84,0.01
112,2,9.0,4.84,2.01
112,2,10.0,-0.87,26.67
112,2,11.0,1.13,26.67
112,2,12.0,0.13,26.67
112,2,13.0,0.13,25.67
112,2,14.0,0.13,27.67
113,0,0.0,3.77,1.09
113,0,1.0,5.77,1.09
113,0,2.0,4.77,1.09
113,0,3.0,4.77,0.09
113,0,4.0,4.77,2.09
113,0,5.0,2.41,0.82
113,0,6.0,4.41,0.82
113,0,7.0,3.41,0.82
113,0,8.0,3.41,-0.18
113,0,9.0,3.41,1.82
113,0,10.0,1.35,26.62
113,0,11.0,3.35,26.62
113,0,12.0,2.35,26.62
113,0,13.0,2.35,25.62
113,0,14.0,2.35,27.62
113,1,0.0,5.1,18.07
113,1,1.0,7.1,18.07
113,1,2.0,6.10,18.07
113,1,3.0,6.10,17.07
113,1,4.0,6.10,19.07
113,1,5.0,2.63,0.91
113,1,6.0,4.63,0.91
113,1,7.0,3.63,0.91
113,1,8.0,3.63,-0.09
113,1,9.0,3.63,1.91
113,1,10.0,2.96,27.51
113,1,11.0,4.96,27.51
113,1,12.0,3.96,27.51
113,1,13.0,3.96,26.51
113,1,14.0,3.96,28.51
113,2,0.0,5.75,26.36
113,2,1.0,7.75,26.36
113,2,2.0,6.75,26.36
113,2,3.0,6.75,25.36
113,2,4.0,6.75,27.36
113,2,5.0,2.47,0.28
113,2,6.0,4.47,0.28
113,2,7.0,3.47,0.28
113,2,8.0,3.47,-0.72
113,2,9.0,3.47,1.28
113,2,10.0,4.75,26.22
113,2,11.0,6.75,26.22
113,2,12.0,5.75,26.22
113,2,13.0,5.75,25.22
113,2,14.0,5.75,27.22
114,0,0.0,-0.1,0.75
114,0,1.0,1.9,0.75
114,0,2.0,0.90,0.75
114,0,3.0,0.90,-0.25
114,0,4.0,0.90,1.75
114,0,5.0,0.89,0.37
114,0,6.0,2.89,0.37
114,0,7.0,1.89,0.37
114,0,8.0,1.89,-0.63
114,0,9.0,1.89,1.37
114,0,10.0,4.09,26.31
114,0,11.0,6.09,26.31
114,0,12.0,5.09,26.31
114,0,13.0,5.09,25.31
114,0,14.0,5.09,27.31
114,1,0.0,5.3,18.98
114,1,1.0,7.3,18.98
114,1,2.0,6.30,18.98
114,1,3.0,6.30,17.98
114,1,4.0,6.30,19.98
114,1,5.0,0.97,-0.11
114,1,6.0,2.97,-0.11
114,1,7.0,1.97,-0.11
114,1,8.0,1.97,-1.11
114,1,9.0,1.97,0.89
114,1,10.0,5.32,25.78
114,1,11.0,7.32,25.78
114,1,12.0,6.32,25.78
114,1,13.0,6.32,24.78
114,1,14.0,6.32,26.78
114,2,0.0,7.13,25.44
114,2,1.0,9.13,25.44
114,2,2.0,8.13,25.44
114,2,3.0,8.13,24.44
114,2,4.0,8.13,26.44
114,2,5.0,1.61,-0.91
114,2,6.0,3.61,-0.91
114,2,7.0,2.61,-0.91
114,2,8.0,2.61,-1.91
114,2,9.0,2.61,0.09
114,2,10.0,6.27,25.53
114,2,11.0,8.27,25.53
114,2,12.0,7.27,25.53
114,2,13.0,7.27,24.53
114,2,14.0,7.27,26.53
115,0,0.0,-1.01,0.80
115,0,1.0,0.99,0.80
115,0,2.0,-0.01,0.80
115,0,3.0,-0.01,-0.2
115,0,4.0,-0.01,1.8
115,0,5.0,-0.21,-0.03
115,0,6.0,1.79,-0.03
115,0,7.0,0.79,-0.03
115,0,8.0,0.79,-1.03
115,0,9.0,0.79,0.97
115,0,10.0,5.02,25.82
115,0,11.0,7.02,25.82
115,0,12.0,6.02,25.82
115,0,13.0,6.02,24.82
115,0,14.0,6.02,26.82
115,1,0.0,4.94,21.87
115,1,1.0,6.94,21.87
115,1,2.0,5.94,21.87
115,1,3.0,5.94,20.87
115,1,4.0,5.94,22.87
115,1,5.0,0.85,-1.16
115,1,6.0,2.85,-1.16
115,1,7.0,1.85,-1.16
115,1,8.0,1.85,-2.16
115,1,9.0,1.85,-0.16
115,1,10.0,6.54,25.65
115,1,11.0,8.54,25.65
115,1,12.0,7.54,25.65
115,1,13.0,7.54,24.65
115,1,14.0,7.54,26.65
115,2,0.0,5.69,25.51
115,2,1.0,7.69,25.51
115,2,2.0,6.69,25.51
115,2,3.0,6.69,24.51
115,2,4.0,6.69,26.51
115,2,5.0,1.53,-1.73
115,2,6.0,3.53,-1.73
115,2,7.0,2.53,-1.73
115,2,8.0,2.53,-2.73
115,2,9.0,2.53,-0.73
115,2,10.0,6.91,25.49
115,2,11.0,8.91,25.49
115,2,12.0,7.91,25.49
115,2,13.0,7.91,24.49
115,2,14.0,7.91,26.49
116,0,0.0,-1.28,-2.04
116,0,1.0,0.72,-2.04
116,0,2.0,-0.28,-2.04
116,0,3.0,-0.28,-3.04
116,0,4.0,-0.28,-1.04
116,0,5.0,-0.32,-2.32
116,0,6.0,1.68,-2.32
116,0,7.0,0.68,-2.32
116,0,8.0,0.68,-3.32
116,0,9.0,0.68,-1.32
116,0,10.0,5.52,25.28
116,0,11.0,7.52,25.28
116,0,12.0,6.52,25.28
116,0,13.0,6.52,24.28
116,0,14.0,6.52,26.28
116,1,0.0,4.34,19.34
116,1,1.0,6.34,19.34
116,1,2.0,5.34,19.34
116,1,3.0,5.34,18.34
116,1,4.0,5.34,20.34
116,1,5.0,0.04,-2.40
116,1,6.0,2.04,-2.40
116,1,7.0,1.04,-2.40
116,1,8.0,1.04,-3.4
116,1,9.0,1.04,-1.4
116,1,10.0,6.28,24.86
116,1,11.0,8.28,24.86
116,1,12.0,7.28,24.86
116,1,13.0,7.28,23.86
116,1,14.0,7.28,25.86
116,2,0.0,5.22,23.50
116,2,1.0,7.22,23.50
116,2,2.0,6.22,23.50
116,2,3.0,6.22,22.5
116,2,4.0,6.22,24.5
116,2,5.0,0.76,-2.24
116,2,6.0,2.76,-2.24
116,2,7.0,1.76,-2.24
116,2,8.0,1.76,-3.24
116,2,9.0,1.76,-1.24
116,2,10.0,6.51,23.59
116,2,11.0,8.51,23.59
116,2,12.0,7.51,23.59
116,2,13.0,7.51,22.59
116,2,14.0,7.51,24.59
117,0,0.0,0.19,6.17
117,0,1.0,2.19,6.17
117,0,2.0,1.19,6.17
117,0,3.0,1.19,5.17
117,0,4.0,1.19,7.17
117,0,5.0,1.16,4.71
117,0,6.0,3.16,4.71
117,0,7.0,2.16,4.71
117,0,8.0,2.16,3.71
117,0,9.0,2.16,5.71
117,0,10.0,4.55,23.79
117,0,11.0,6.55,23.79
117,0,12.0,5.55,23.79
117,0,13.0,5.55,22.79
117,0,14.0,5.55,24.79
117,1,0.0,6.05,21.23
117,1,1.0,8.05,21.23
117,1,2.0,7.05,21.23
117,1,3.0,7.05,20.23
117,1,4.0,7.05,22.23
117,1,5.0,1.32,7.02
117,1,6.0,3.32,7.02
117,1,7.0,2.32,7.02
117,1,8.0,2.32,6.02
117,1,9.0,2.32,8.02
117,1,10.0,5.22,24.24
117,1,11.0,7.22,24.24
117,1,12.0,6.22,24.24
117,1,13.0,6.22,23.24
117,1,14.0,6.22,25.24
117,2,0.0,7.1,23.98
117,2,1.0,9.1,23.98
117,2,2.0,8.10,23.98
117,2,3.0,8.10,22.98
117,2,4.0,8.10,24.98
117,2,5.0,1.98,7.16
117,2,6.0,3.98,7.16
117,2,7.0,2.98,7.16
117,2,8.0,2.98,6.16
117,2,9.0,2.98,8.16
117,2,10.0,5.92,24.10
117,2,11.0,7.92,24.10
117,2,12.0,6.92,24.10
117,2,13.0,6.92,23.1
117,2,14.0,6.92,25.1
118,0,0.0,3.99,0.42
118,0,1.0,5.99,0.42
118,0,2.0,4.99,0.42
118,0,3.0,4.99,-0.58
118,0,4.0,4.99,1.42
118,0,5.0,4.02,-0.33
118,0,6.0,6.02,-0.33
118,0,7.0,5.02,-0.33
118,0,8.0,5.02,-1.33
118,0,9.0,5.02,0.67
118,0,10.0,-0.67,26.53
118,0,11.0,1.33,26.53
118,0,12.0,0.33,26.53
118,0,13.0,0.33,25.53
118,0,14.0,0.33,27.53
118,1,0.0,0.07,17.18
118,1,1.0,2.07,17.18
118,1,2.0,1.07,17.18
118,1,3.0,1.07,16.18
118,1,4.0,1.07,18.18
118,1,5.0,3.91,0.61
118,1,6.0,5.91,0.61
118,1,7.0,4.91,0.61
118,1,8.0,4.91,-0.39
118,1,9.0,4.91,1.61
118,1,10.0,-0.61,26.02
118,1,11.0,1.39,26.02
118,1,12.0,0.39,26.02
118,1,13.0,0.39,25.02
118,1,14.0,0.39,27.02
118,2,0.0,-2.32,25.40
118,2,1.0,-0.32,25.40
118,2,2.0,-1.32,25.40
118,2,3.0,-1.32,24.4
118,2,4.0,-1.32,26.4
118,2,5.0,3.89,0.64
118,2,6.0,5.89,0.64
118,2,7.0,4.89,0.64
118,2,8.0,4.89,-0.36
118,2,9.0,4.89,1.64
118,2,10.0,-1.28,26.00
118,2,11.0,0.72,26.00
118,2,12.0,-0.28,26.00
118,2,13.0,-0.28,25.0
118,2,14.0,-0.28,27.0
119,0,0.0,3.26,-0.69
119,0,1.0,5.26,-0.69
119,0,2.0,4.26,-0.69
119,0,3.0,4.26,-1.69
119,0,4.0,4.26,0.31
119,0,5.0,2.0,-0.53
119,0,6.0,4.0,-0.53
119,0,7.0,3.00,-0.53
119,0,8.0,3.00,-1.53
119,0,9.0,3.00,0.47
119,0,10.0,0.78,26.01
119,0,11.0,2.78,26.01
119,0,12.0,1.78,26.01
119,0,13.0,1.78,25.01
119,0,14.0,1.78,27.01
119,1,0.0,6.01,20.11
119,1,1.0,8.01,20.11
119,1,2.0,7.01,20.11
119,1,3.0,7.01,19.11
119,1,4.0,7.01,21.11
119,1,5.0,1.68,-1.11
119,1,6.0,3.68,-1.11
119,1,7.0,2.68,-1.11
119,1,8.0,2.68,-2.11
119,1,9.0,2.68,-0.11
119,1,10.0,3.68,26.82
119,1,11.0,5.68,26.82
119,1,12.0,4.68,26.82
119,1,13.0,4.68,25.82
119,1,14.0,4.68,27.82
119,2,0.0,6.57,27.32
119,2,1.0,8.57,27.32
119,2,2.0,7.57,27.32
119,2,3.0,7.57,26.32
119,2,4.0,7.57,28.32
119,2,5.0,1.79,-1.31
119,2,6.0,3.79,-1.31
119,2,7.0,2.79,-1.31
119,2,8.0,2.79,-2.31
119,2,9.0,2.79,-0.31
119,2,10.0,5.78,27.36
119,2,11.0,7.78,27.36
119,2,12.0,6.78,27.36
119,2,13.0,6.78,26.36
119,2,14.0,6.78,28.36
120,0,0.0,0.58,-0.98
120,0,1.0,2.58,-0.98
120,0,2.0,1.58,-0.98
120,0,3.0,1.58,-1.98
120,0,4.0,1.58,0.02
120,0,5.0,-0.63,-1.37
120,0,6.0,1.37,-1.37
120,0,7.0,0.37,-1.37
120,0,8.0,0.37,-2.37
120,0,9.0,0.37,-0.37
120,0,10.0,5.81,28.23
120,0,11.0,7.81,28.23
120,0,12.0,6.81,28.23
120,0,13.0,6.81,27.23
120,0,14.0,6.81,29.23
120,1,0.0,5.94,21.67
120,1,1.0,7.94,21.67
120,1,2.0,6.94,21.67
120,1,3.0,6.94,20.67
120,1,4.0,6.94,22.67
120,1,5.0,0.03,-1.67
120,1,6.0,2.03,-1.67
120,1,7.0,1.03,-1.67
120,1,8.0,1.03,-2.67
120,1,9.0,1.03,-0.67
120,1,10.0,5.17,27.47
120,1,11.0,7.17,27.47
120,1,12.0,6.17,27.47
120,1,13.0,6.17,26.47
120,1,14.0,6.17,28.47
120,2,0.0,7.08,27.68
120,2,1.0,9.08,27.68
120,2,2.0,8.08,27.68
120,2,3.0,8.08,26.68
120,2,4.0,8.08,28.68
120,2,5.0,0.69,-1.53
120,2,6.0,2.69,-1.53
120,2,7.0,1.69,-1.53
120,2,8.0,1.69,-2.53
120,2,9.0,1.69,-0.53
120,2,10.0,6.14,27.97
120,2,11.0,8.14,27.97
120,2,12.0,7.14,27.97
120,2,13.0,7.14,26.97
120,2,14.0,7.14,28.97
121,0,0.0,-1.42,0.46
121,0,1.0,0.58,0.46
121,0,2.0,-0.42,0.46
121,0,3.0,-0.42,-0.54
121,0,4.0,-0.42,1.46
121,0,5.0,-0.71,-0.28
121,0,6.0,1.29,-0.28
121,0,7.0,0.29,-0.28
121,0,8.0,0.29,-1.28
121,0,9.0,0.29,0.72
121,0,10.0,5.52,25.87
121,0,11.0,7.52,25.87
121,0,12.0,6.52,25.87
121,0,13.0,6.52,24.87
121,0,14.0,6.52,26.87
121,1,0.0,5.48,19.99
121,1,1.0,7.48,19.99
121,1,2.0,6.48,19.99
121,1,3.0,6.48,18.99
121,1,4.0,6.48,20.99
121,1,5.0,0.76,-0.86
121,1,6.0,2.76,-0.86
121,1,7.0,1.76,-0.86
121,1,8.0,1.76,-1.86
121,1,9.0,1.76,0.14
121,1,10.0,5.79,24.90
121,1,11.0,7.79,24.90
121,1,12.0,6.79,24.90
121,1,13.0,6.79,23.9
121,1,14.0,6.79,25.9
121,2,0.0,6.44,23.74
121,2,1.0,8.44,23.74
121,2,2.0,7.44,23.74
121,2,3.0,7.44,22.74
121,2,4.0,7.44,24.74
121,2,5.0,1.47,-1.13
121,2,6.0,3.47,-1.13
121,2,7.0,2.47,-1.13
121,2,8.0,2.47,-2.13
121,2,9.0,2.47,-0.13
121,2,10.0,5.87,24.60
121,2,11.0,7.87,24.60
121,2,12.0,6.87,24.60
121,2,13.0,6.87,23.6
121,2,14.0,6.87,25.6
122,0,0.0,2.0,0.22
122,0,1.0,4.0,0.22
122,0,2.0,3.00,0.22
122,0,3.0,3.00,-0.78
122,0,4.0,3.00,1.22
122,0,5.0,2.8,-0.65
122,0,6.0,4.8,-0.65
122,0,7.0,3.80,-0.65
122,0,8.0,3.80,-1.65
122,0,9.0,3.80,0.35
122,0,10.0,4.02,25.38
122,0,11.0,6.02,25.38
122,0,12.0,5.02,25.38
122,0,13.0,5.02,24.38
122,0,14.0,5.02,26.38
122,1,0.0,5.35,21.38
122,1,1.0,7.35,21.38
122,1,2.0,6.35,21.38
122,1,3.0,6.35,20.38
122,1,4.0,6.35,22.38
122,1,5.0,2.88,-1.82
122,1,6.0,4.88,-1.82
122,1,7.0,3.88,-1.82
122,1,8.0,3.88,-2.82
122,1,9.0,3.88,-0.82
122,1,10.0,4.41,25.15
122,1,11.0,6.41,25.15
122,1,12.0,5.41,25.15
122,1,13.0,5.41,24.15
122,1,14.0,5.41,26.15
122,2,0.0,5.61,25.02
122,2,1.0,7.61,25.02
122,2,2.0,6.61,25.02
122,2,3.0,6.61,24.02
122,2,4.0,6.61,26.02
122,2,5.0,2.7,-1.95
122,2,6.0,4.7,-1.95
122,2,7.0,3.70,-1.95
122,2,8.0,3.70,-2.95
122,2,9.0,3.70,-0.95
122,2,10.0,4.84,25.05
122,2,11.0,6.84,25.05
122,2,12.0,5.84,25.05
122,2,13.0,5.84,24.05
122,2,14.0,5.84,26.05
123,0,0.0,-0.92,-0.27
123,0,1.0,1.08,-0.27
123,0,2.0,0.08,-0.27
123,0,3.0,0.08,-1.27
123,0,4.0,0.08,0.73
123,0,5.0,0.21,-1.77
123,0,6.0,2.21,-1.77
123,0,7.0,1.21,-1.77
123,0,8.0,1.21,-2.77
123,0,9.0,1.21,-0.77
123,0,10.0,3.81,25.81
123,0,11.0,5.81,25.81
123,0,12.0,4.81,25.81
123,0,13.0,4.81,24.81
123,0,14.0,4.81,26.81
123,1,0.0,5.12,20.29
123,1,1.0,7.12,20.29
123,1,2.0,6.12,20.29
123,1,3.0,6.12,19.29
123,1,4.0,6.12,21.29
123,1,5.0,0.15,-1.57
123,1,6.0,2.15,-1.57
123,1,7.0,1.15,-1.57
123,1,8.0,1.15,-2.57
123,1,9.0,1.15,-0.57
123,1,10.0,4.81,25.72
123,1,11.0,6.81,25.72
123,1,12.0,5.81,25.72
123,1,13.0,5.81,24.72
123,1,14.0,5.81,26.72
123,2,0.0,6.1,24.97
123,2,1.0,8.1,24.97
123,2,2.0,7.10,24.97
123,2,3.0,7.10,23.97
123,2,4.0,7.10,25.97
123,2,5.0,0.76,-1.76
123,2,6.0,2.76,-1.76
123,2,7.0,1.76,-1.76
123,2,8.0,1.76,-2.76
123,2,9.0,1.76,-0.76
123,2,10.0,5.44,25.56
123,2,11.0,7.44,25.56
123,2,12.0,6.44,25.56
123,2,13.0,6.44,24.56
123,2,14.0,6.44,26.56
124,0,0.0,0.92,-2.31
124,0,1.0,2.92,-2.31
124,0,2.0,1.92,-2.31
124,0,3.0,1.92,-3.31
124,0,4.0,1.92,-1.31
124,0,5.0,1.56,-2.90
124,0,6.0,3.56,-2.90
124,0,7.0,2.56,-2.90
124,0,8.0,2.56,-3.9
124,0,9.0,2.56,-1.9
124,0,10.0,4.13,25.14
124,0,11.0,6.13,25.14
124,0,12.0,5.13,25.14
124,0,13.0,5.13,24.14
124,0,14.0,5.13,26.14
124,1,0.0,4.86,21.05
124,1,1.0,6.86,21.05
124,1,2.0,5.86,21.05
124,1,3.0,5.86,20.05
124,1,4.0,5.86,22.05
124,1,5.0,2.19,-2.68
124,1,6.0,4.19,-2.68
124,1,7.0,3.19,-2.68
124,1,8.0,3.19,-3.68
124,1,9.0,3.19,-1.68
124,1,10.0,4.4,25.34
124,1,11.0,6.4,25.34
124,1,12.0,5.40,25.34
124,1,13.0,5.40,24.34
124,1,14.0,5.40,26.34
124,2,0.0,5.35,24.89
124,2,1.0,7.35,24.89
124,2,2.0,6.35,24.89
124,2,3.0,6.35,23.89
124,2,4.0,6.35,25.89
124,2,5.0,2.37,-2.41
124,2,6.0,4.37,-2.41
124,2,7.0,3.37,-2.41
124,2,8.0,3.37,-3.41
124,2,9.0,3.37,-1.41
124,2,10.0,4.54,25.53
124,2,11.0,6.54,25.53
124,2,12.0,5.54,25.53
124,2,13.0,5.54,24.53
124,2,14.0,5.54,26.53
125,0,0.0,3.98,0.58
125,0,1.0,5.98,0.58
125,0,2.0,4.98,0.58
125,0,3.0,4.98,-0.42
125,0,4.0,4.98,1.58
125,0,5.0,4.05,-0.26
125,0,6.0,6.05,-0.26
125,0,7.0,5.05,-0.26
125,0,8.0,5.05,-1.26
125,0,9.0,5.05,0.74
125,0,10.0,-0.63,25.03
125,0,11.0,1.37,25.03
125,0,12.0,0.37,25.03
125,0,13.0,0.37,24.03
125,0,14.0,0.37,26.03
125,1,0.0,0.16,17.55
125,1,1.0,2.16,17.55
125,1,2.0,1.16,17.55
125,1,3.0,1.16,16.55
125,1,4.0,1.16,18.55
125,1,5.0,4.05,0.57
125,1,6.0,6.05,0.57
125,1,7.0,5.05,0.57
125,1,8.0,5.05,-0.43
125,1,9.0,5.05,1.57
125,1,10.0,-0.32,23.57
125,1,11.0,1.68,23.57
125,1,12.0,0.68,23.57
125,1,13.0,0.68,22.57
125,1,14.0,0.68,24.57
125,2,0.0,-1.52,23.66
125,2,1.0,0.48,23.66
125,2,2.0,-0.52,23.66
125,2,3.0,-0.52,22.66
125,2,4.0,-0.52,24.66
125,2,5.0,3.93,0.63
125,2,6.0,5.93,0.63
125,2,7.0,4.93,0.63
125,2,8.0,4.93,-0.37
125,2,9.0,4.93,1.63
125,2,10.0,-0.55,23.78
125,2,11.0,1.45,23.78
125,2,12.0,0.45,23.78
125,2,13.0,0.45,22.78
125,2,14.0,0.45,24.78
126,0,0.0,4.05,0.20
126,0,1.0,6.05,0.20
126,0,2.0,5.05,0.20
126,0,3.0,5.05,-0.8
126,0,4.0,5.05,1.2
126,0,5.0,2.74,-0.43
126,0,6.0,4.74,-0.43
126,0,7.0,3.74,-0.43
126,0,8.0,3.74,-1.43
126,0,9.0,3.74,0.57
126,0,10.0,1.31,24.56
126,0,11.0,3.31,24.56
126,0,12.0,2.31,24.56
126,0,13.0,2.31,23.56
126,0,14.0,2.31,25.56
126,1,0.0,0.9,18.71
126,1,1.0,2.9,18.71
126,1,2.0,1.90,18.71
126,1,3.0,1.90,17.71
126,1,4.0,1.90,19.71
126,1,5.0,2.84,-0.79
126,1,6.0,4.84,-0.79
126,1,7.0,3.84,-0.79
126,1,8.0,3.84,-1.79
126,1,9.0,3.84,0.21
126,1,10.0,1.36,25.00
126,1,11.0,3.36,25.00
126,1,12.0,2.36,25.00
126,1,13.0,2.36,24.0
126,1,14.0,2.36,26.0
126,2,0.0,0.0,24.99
126,2,1.0,2.0,24.99
126,2,2.0,1.00,24.99
126,2,3.0,1.00,23.99
126,2,4.0,1.00,25.99
126,2,5.0,3.26,-1.08
126,2,6.0,5.26,-1.08
126,2,7.0,4.26,-1.08
126,2,8.0,4.26,-2.08
126,2,9.0,4.26,-0.08
126,2,10.0,0.96,25.45
126,2,11.0,2.96,25.45
126,2,12.0,1.96,25.45
126,2,13.0,1.96,24.45
126,2,14.0,1.96,26.45
127,0,0.0,5.32,-1.01
127,0,1.0,7.32,-1.01
127,0,2.0,6.32,-1.01
127,0,3.0,6.32,-2.01
127,0,4.0,6.32,-0.01
127,0,5.0,4.22,-1.50
127,0,6.0,6.22,-1.50
127,0,7.0,5.22,-1.50
127,0,8.0,5.22,-2.5
127,0,9.0,5.22,-0.5
127,0,10.0,2.12,26.04
127,0,11.0,4.12,26.04
127,0,12.0,3.12,26.04
127,0,13.0,3.12,25.04
127,0,14.0,3.12,27.04
127,1,0.0,0.23,18.70
127,1,1.0,2.23,18.70
127,1,2.0,1.23,18.70
127,1,3.0,1.23,17.7
127,1,4.0,1.23,19.7
127,1,5.0,4.25,-1.39
127,1,6.0,6.25,-1.39
127,1,7.0,5.25,-1.39
127,1,8.0,5.25,-2.39
127,1,9.0,5.25,-0.39
127,1,10.0,1.45,25.74
127,1,11.0,3.45,25.74
127,1,12.0,2.45,25.74
127,1,13.0,2.45,24.74
127,1,14.0,2.45,26.74
127,2,0.0,-1.62,25.82
127,2,1.0,0.38,25.82
127,2,2.0,-0.62,25.82
127,2,3.0,-0.62,24.82
127,2,4.0,-0.62,26.82
127,2,5.0,3.96,-1.65
127,2,6.0,5.96,-1.65
127,2,7.0,4.96,-1.65
127,2,8.0,4.96,-2.65
127,2,9.0,4.96,-0.65
127,2,10.0,-0.51,25.54
127,2,11.0,1.49,25.54
127,2,12.0,0.49,25.54
127,2,13.0,0.49,24.54
127,2,14.0,0.49,26.54
128,0,0.0,6.54,0.52
128,0,1.0,8.54,0.52
128,0,2.0,7.54,0.52
128,0,3.0,7.54,-0.48
128,0,4.0,7.54,1.52
128,0,5.0,5.21,-0.44
128,0,6.0,7.21,-0.44
128,0,7.0,6.21,-0.44
128,0,8.0,6.21,-1.44
128,0,9.0,6.21,0.56
128,0,10.0,1.48,27.09
128,0,11.0,3.48,27.09
128,0,12.0,2.48,27.09
128,0,13.0,2.48,26.09
128,0,14.0,2.48,28.09
128,1,0.0,4.82,20.21
128,1,1.0,6.82,20.21
128,1,2.0,5.82,20.21
128,1,3.0,5.82,19.21
128,1,4.0,5.82,21.21
128,1,5.0,5.11,0.31
128,1,6.0,7.11,0.31
128,1,7.0,6.11,0.31
128,1,8.0,6.11,-0.69
128,1,9.0,6.11,1.31
128,1,10.0,2.65,27.47
128,1,11.0,4.65,27.47
128,1,12.0,3.65,27.47
128,1,13.0,3.65,26.47
128,1,14.0,3.65,28.47
128,2,0.0,4.4,26.89
128,2,1.0,6.4,26.89
128,2,2.0,5.40,26.89
128,2,3.0,5.40,25.89
128,2,4.0,5.40,27.89
128,2,5.0,4.14,-0.36
128,2,6.0,6.14,-0.36
128,2,7.0,5.14,-0.36
128,2,8.0,5.14,-1.36
128,2,9.0,5.14,0.64
128,2,10.0,3.53,27.18
128,2,11.0,5.53,27.18
128,2,12.0,4.53,27.18
128,2,13.0,4.53,26.18
128,2,14.0,4.53,28.18
129,0,0.0,-0.06,-0.71
129,0,1.0,1.94,-0.71
129,0,2.0,0.94,-0.71
129,0,3.0,0.94,-1.71
129,0,4.0,0.94,0.29
129,0,5.0,0.78,-2.18
129,0,6.0,2.78,-2.18
129,0,7.0,1.78,-2.18
129,0,8.0,1.78,-3.18
129,0,9.0,1.78,-1.18
129,0,10.0,3.58,26.17
129,0,11.0,5.58,26.17
129,0,12.0,4.58,26.17
129,0,13.0,4.58,25.17
129,0,14.0,4.58,27.17
129,1,0.0,4.75,21.01
129,1,1.0,6.75,21.01
129,1,2.0,5.75,21.01
129,1,3.0,5.75,20.01
129,1,4.0,5.75,22.01
129,1,5.0,1.04,-2.48
129,1,6.0,3.04,-2.48
129,1,7.0,2.04,-2.48
129,1,8.0,2.04,-3.48
129,1,9.0,2.04,-1.48
129,1,10.0,4.4,25.21
129,1,11.0,6.4,25.21
129,1,12.0,5.40,25.21
129,1,13.0,5.40,24.21
129,1,14.0,5.40,26.21
129,2,0.0,5.48,24.28
129,2,1.0,7.48,24.28
129,2,2.0,6.48,24.28
129,2,3.0,6.48,23.28
129,2,4.0,6.48,25.28
129,2,5.0,1.48,-1.68
129,2,6.0,3.48,-1.68
129,2,7.0,2.48,-1.68
129,2,8.0,2.48,-2.68
129,2,9.0,2.48,-0.68
129,2,10.0,4.64,24.60
129,2,11.0,6.64,24.60
129,2,12.0,5.64,24.60
129,2,13.0,5.64,23.6
129,2,14.0,5.64,25.6
130,0,0.0,1.97,-1.91
130,0,1.0,3.97,-1.91
130,0,2.0,2.97,-1.91
130,0,3.0,2.97,-2.91
130,0,4.0,2.97,-0.91
130,0,5.0,0.74,-2.16
130,0,6.0,2.74,-2.16
130,0,7.0,1.74,-2.16
130,0,8.0,1.74,-3.16
130,0,9.0,1.74,-1.16
130,0,10.0,3.74,25.03
130,0,11.0,5.74,25.03
130,0,12.0,4.74,25.03
130,0,13.0,4.74,24.03
130,0,14.0,4.74,26.03
130,1,0.0,1.14,19.61
130,1,1.0,3.14,19.61
130,1,2.0,2.14,19.61
130,1,3.0,2.14,18.61
130,1,4.0,2.14,20.61
130,1,5.0,1.35,-2.11
130,1,6.0,3.35,-2.11
130,1,7.0,2.35,-2.11
130,1,8.0,2.35,-3.11
130,1,9.0,2.35,-1.11
130,1,10.0,2.46,25.81
130,1,11.0,4.46,25.81
130,1,12.0,3.46,25.81
130,1,13.0,3.46,24.81
130,1,14.0,3.46,26.81
130,2,0.0,0.86,25.11
130,2,1.0,2.86,25.11
130,2,2.0,1.86,25.11
130,2,3.0,1.86,24.11
130,2,4.0,1.86,26.11
130,2,5.0,2.11,-2.14
130,2,6.0,4.11,-2.14
130,2,7.0,3.11,-2.14
130,2,8.0,3.11,-3.14
130,2,9.0,3.11,-1.14
130,2,10.0,1.76,25.01
130,2,11.0,3.76,25.01
130,2,12.0,2.76,25.01
130,2,13.0,2.76,24.01
130,2,14.0,2.76,26.01
131,0,0.0,7.67,-2.48
131,0,1.0,9.67,-2.48
131,0,2.0,8.67,-2.48
131,0,3.0,8.67,-3.48
131,0,4.0,8.67,-1.48
131,0,5.0,6.25,-2.93
131,0,6.0,8.25,-2.93
131,0,7.0,7.25,-2.93
131,0,8.0,7.25,-3.93
131,0,9.0,7.25,-1.93
131,0,10.0,2.08,25.52
131,0,11.0,4.08,25.52
131,0,12.0,3.08,25.52
131,0,13.0,3.08,24.52
131,0,14.0,3.08,26.52
131,1,0.0,5.85,23.49
131,1,1.0,7.85,23.49
131,1,2.0,6.85,23.49
131,1,3.0,6.85,22.49
131,1,4.0,6.85,24.49
131,1,5.0,6.25,-2.40
131,1,6.0,8.25,-2.40
131,1,7.0,7.25,-2.40
131,1,8.0,7.25,-3.4
131,1,9.0,7.25,-1.4
131,1,10.0,4.38,25.21
131,1,11.0,6.38,25.21
131,1,12.0,5.38,25.21
131,1,13.0,5.38,24.21
131,1,14.0,5.38,26.21
131,2,0.0,5.7,25.97
131,2,1.0,7.7,25.97
131,2,2.0,6.70,25.97
131,2,3.0,6.70,24.97
131,2,4.0,6.70,26.97
131,2,5.0,5.45,-2.53
131,2,6.0,7.45,-2.53
131,2,7.0,6.45,-2.53
131,2,8.0,6.45,-3.53
131,2,9.0,6.45,-1.53
131,2,10.0,4.71,26.13
131,2,11.0,6.71,26.13
131,2,12.0,5.71,26.13
131,2,13.0,5.71,25.13
131,2,14.0,5.71,27.13
132,0,0.0,4.02,0.52
132,0,1.0,6.02,0.52
132,0,2.0,5.02,0.52
132,0,3.0,5.02,-0.48
132,0,4.0,5.02,1.52
132,0,5.0,3.99,-0.23
132,0,6.0,5.99,-0.23
132,0,7.0,4.99,-0.23
132,0,8.0,4.99,-1.23
132,0,9.0,4.99,0.77
132,0,10.0,-0.68,26.61
132,0,11.0,1.32,26.61
132,0,12.0,0.32,26.61
132,0,13.0,0.32,25.61
132,0,14.0,0.32,27.61
132,1,0.0,2.38,17.19
132,1,1.0,4.38,17.19
132,1,2.0,3.38,17.19
132,1,3.0,3.38,16.19
132,1,4.0,3.38,18.19
132,1,5.0,3.97,0.66
132,1,6.0,5.97,0.66
132,1,7.0,4.97,0.66
132,1,8.0,4.97,-0.34
132,1,9.0,4.97,1.66
132,1,10.0,-0.47,26.37
132,1,11.0,1.53,26.37
132,1,12.0,0.53,26.37
132,1,13.0,0.53,25.37
132,1,14.0,0.53,27.37
132,2,0.0,1.36,26.08
132,2,1.0,3.36,26.08
132,2,2.0,2.36,26.08
132,2,3.0,2.36,25.08
132,2,4.0,2.36,27.08
132,2,5.0,3.81,1.04
132,2,6.0,5.81,1.04
132,2,7.0,4.81,1.04
132,2,8.0,4.81,0.04
132,2,9.0,4.81,2.04
132,2,10.0,0.28,26.04
132,2,11.0,2.28,26.04
132,2,12.0,1.28,26.04
132,2,13.0,1.28,25.04
132,2,14.0,1.28,27.04
133,0,0.0,3.57,-0.84
133,0,1.0,5.57,-0.84
133,0,2.0,4.57,-0.84
133,0,3.0,4.57,-1.84
133,0,4.0,4.57,0.16
133,0,5.0,2.45,-1.39
133,0,6.0,4.45,-1.39
133,0,7.0,3.45,-1.39
133,0,8.0,3.45,-2.39
133,0,9.0,3.45,-0.39
133,0,10.0,2.76,27.54
133,0,11.0,4.76,27.54
133,0,12.0,3.76,27.54
133,0,13.0,3.76,26.54
133,0,14.0,3.76,28.54
133,1,0.0,0.96,18.10
133,1,1.0,2.96,18.10
133,1,2.0,1.96,18.10
133,1,3.0,1.96,17.1
133,1,4.0,1.96,19.1
133,1,5.0,2.43,-1.84
133,1,6.0,4.43,-1.84
133,1,7.0,3.43,-1.84
133,1,8.0,3.43,-2.84
133,1,9.0,3.43,-0.84
133,1,10.0,1.73,27.25
133,1,11.0,3.73,27.25
133,1,12.0,2.73,27.25
133,1,13.0,2.73,26.25
133,1,14.0,2.73,28.25
133,2,0.0,-0.38,26.68
133,2,1.0,1.62,26.68
133,2,2.0,0.62,26.68
133,2,3.0,0.62,25.68
133,2,4.0,0.62,27.68
133,2,5.0,3.41,-2.27
133,2,6.0,5.41,-2.27
133,2,7.0,4.41,-2.27
133,2,8.0,4.41,-3.27
133,2,9.0,4.41,-1.27
133,2,10.0,0.7,26.78
133,2,11.0,2.7,26.78
133,2,12.0,1.70,26.78
133,2,13.0,1.70,25.78
133,2,14.0,1.70,27.78
134,0,0.0,1.86,-0.94
134,0,1.0,3.86,-0.94
134,0,2.0,2.86,-0.94
134,0,3.0,2.86,-1.94
134,0,4.0,2.86,0.06
134,0,5.0,2.96,-1.59
134,0,6.0,4.96,-1.59
134,0,7.0,3.96,-1.59
134,0,8.0,3.96,-2.59
134,0,9.0,3.96,-0.59
134,0,10.0,2.79,26.13
134,0,11.0,4.79,26.13
134,0,12.0,3.79,26.13
134,0,13.0,3.79,25.13
134,0,14.0,3.79,27.13
134,1,0.0,5.92,18.99
134,1,1.0,7.92,18.99
134,1,2.0,6.92,18.99
134,1,3.0,6.92,17.99
134,1,4.0,6.92,19.99
134,1,5.0,2.44,-1.72
134,1,6.0,4.44,-1.72
134,1,7.0,3.44,-1.72
134,1,8.0,3.44,-2.72
134,1,9.0,3.44,-0.72
134,1,10.0,4.87,25.97
134,1,11.0,6.87,25.97
134,1,12.0,5.87,25.97
134,1,13.0,5.87,24.97
134,1,14.0,5.87,26.97
134,2,0.0,7.02,25.52
134,2,1.0,9.02,25.52
134,2,2.0,8.02,25.52
134,2,3.0,8.02,24.52
134,2,4.0,8.02,26.52
134,2,5.0,2.26,-2.01
134,2,6.0,4.26,-2.01
134,2,7.0,3.26,-2.01
134,2,8.0,3.26,-3.01
134,2,9.0,3.26,-1.01
134,2,10.0,6.3,25.96
134,2,11.0,8.3,25.96
134,2,12.0,7.30,25.96
134,2,13.0,7.30,24.96
134,2,14.0,7.30,26.96
135,0,0.0,-1.67,-1.00
135,0,1.0,0.33,-1.00
135,0,2.0,-0.67,-1.00
135,0,3.0,-0.67,-2.0
135,0,4.0,-0.67,0.0
135,0,5.0,-0.91,-1.86
135,0,6.0,1.09,-1.86
135,0,7.0,0.09,-1.86
135,0,8.0,0.09,-2.86
135,0,9.0,0.09,-0.86
135,0,10.0,4.78,25.91
135,0,11.0,6.78,25.91
135,0,12.0,5.78,25.91
135,0,13.0,5.78,24.91
135,0,14.0,5.78,26.91
135,1,0.0,5.02,19.47
135,1,1.0,7.02,19.47
135,1,2.0,6.02,19.47
135,1,3.0,6.02,18.47
135,1,4.0,6.02,20.47
135,1,5.0,-0.17,-1.73
135,1,6.0,1.83,-1.73
135,1,7.0,0.83,-1.73
135,1,8.0,0.83,-2.73
135,1,9.0,0.83,-0.73
135,1,10.0,5.27,25.51
135,1,11.0,7.27,25.51
135,1,12.0,6.27,25.51
135,1,13.0,6.27,24.51
135,1,14.0,6.27,26.51
135,2,0.0,6.36,24.92
135,2,1.0,8.36,24.92
135,2,2.0,7.36,24.92
135,2,3.0,7.36,23.92
135,2,4.0,7.36,25.92
135,2,5.0,0.7,-1.85
135,2,6.0,2.7,-1.85
135,2,7.0,1.70,-1.85
135,2,8.0,1.70,-2.85
135,2,9.0,1.70,-0.85
135,2,10.0,5.6,25.12
135,2,11.0,7.6,25.12
135,2,12.0,6.60,25.12
135,2,13.0,6.60,24.12
135,2,14.0,6.60,26.12
136,0,0.0,0.24,-0.69
136,0,1.0,2.24,-0.69
136,0,2.0,1.24,-0.69
136,0,3.0,1.24,-1.69
136,0,4.0,1.24,0.31
136,0,5.0,1.0,-1.53
136,0,6.0,3.0,-1.53
136,0,7.0,2.00,-1.53
136,0,8.0,2.00,-2.53
136,0,9.0,2.00,-0.53
136,0,10.0,4.68,25.49
136,0,11.0,6.68,25.49
136,0,12.0,5.68,25.49
136,0,13.0,5.68,24.49
136,0,14.0,5.68,26.49
136,1,0.0,4.44,20.54
136,1,1.0,6.44,20.54
136,1,2.0,5.44,20.54
136,1,3.0,5.44,19.54
136,1,4.0,5.44,21.54
136,1,5.0,2.25,-2.48
136,1,6.0,4.25,-2.48
136,1,7.0,3.25,-2.48
136,1,8.0,3.25,-3.48
136,1,9.0,3.25,-1.48
136,1,10.0,5.96,25.25
136,1,11.0,7.96,25.25
136,1,12.0,6.96,25.25
136,1,13.0,6.96,24.25
136,1,14.0,6.96,26.25
136,2,0.0,4.76,24.86
136,2,1.0,6.76,24.86
136,2,2.0,5.76,24.86
136,2,3.0,5.76,23.86
136,2,4.0,5.76,25.86
136,2,5.0,2.53,-2.88
136,2,6.0,4.53,-2.88
136,2,7.0,3.53,-2.88
136,2,8.0,3.53,-3.88
136,2,9.0,3.53,-1.88
136,2,10.0,6.08,25.08
136,2,11.0,8.08,25.08
136,2,12.0,7.08,25.08
136,2,13.0,7.08,24.08
136,2,14.0,7.08,26.08
137,0,0.0,-0.66,-1.89
137,0,1.0,1.34,-1.89
137,0,2.0,0.34,-1.89
137,0,3.0,0.34,-2.89
137,0,4.0,0.34,-0.89
137,0,5.0,0.03,-2.53
137,0,6.0,2.03,-2.53
137,0,7.0,1.03,-2.53
137,0,8.0,1.03,-3.53
137,0,9.0,1.03,-1.53
137,0,10.0,4.26,25.42
137,0,11.0,6.26,25.42
137,0,12.0,5.26,25.42
137,0,13.0,5.26,24.42
137,0,14.0,5.26,26.42
137,1,0.0,4.11,20.49
137,1,1.0,6.11,20.49
137,1,2.0,5.11,20.49
137,1,3.0,5.11,19.49
137,1,4.0,5.11,21.49
137,1,5.0,1.54,-2.63
137,1,6.0,3.54,-2.63
137,1,7.0,2.54,-2.63
137,1,8.0,2.54,-3.63
137,1,9.0,2.54,-1.63
137,1,10.0,5.72,25.41
137,1,11.0,7.72,25.41
137,1,12.0,6.72,25.41
137,1,13.0,6.72,24.41
137,1,14.0,6.72,26.41
137,2,0.0,4.65,24.97
137,2,1.0,6.65,24.97
137,2,2.0,5.65,24.97
137,2,3.0,5.65,23.97
137,2,4.0,5.65,25.97
137,2,5.0,2.2,-2.27
137,2,6.0,4.2,-2.27
137,2,7.0,3.20,-2.27
137,2,8.0,3.20,-3.27
137,2,9.0,3.20,-1.27
137,2,10.0,5.79,24.73
137,2,11.0,7.79,24.73
137,2,12.0,6.79,24.73
137,2,13.0,6.79,23.73
137,2,14.0,6.79,25.73
138,0,0.0,-1.94,-1.01
138,0,1.0,0.06,-1.01
138,0,2.0,-0.94,-1.01
138,0,3.0,-0.94,-2.01
138,0,4.0,-0.94,-0.01
138,0,5.0,-0.95,-1.70
138,0,6.0,1.05,-1.70
138,0,7.0,0.05,-1.70
138,0,8.0,0.05,-2.7
138,0,9.0,0.05,-0.7
138,0,10.0,4.71,22.51
138,0,11.0,6.71,22.51
138,0,12.0,5.71,22.51
138,0,13.0,5.71,21.51
138,0,14.0,5.71,23.51
138,1,0.0,0.34,19.43
138,1,1.0,2.34,19.43
138,1,2.0,1.34,19.43
138,1,3.0,1.34,18.43
138,1,4.0,1.34,20.43
138,1,5.0,0.27,-0.48
138,1,6.0,2.27,-0.48
138,1,7.0,1.27,-0.48
138,1,8.0,1.27,-1.48
138,1,9.0,1.27,0.52
138,1,10.0,1.38,19.28
138,1,11.0,3.38,19.28
138,1,12.0,2.38,19.28
138,1,13.0,2.38,18.28
138,1,14.0,2.38,20.28
138,2,0.0,0.82,2.42
138,2,1.0,2.82,2.42
138,2,2.0,1.82,2.42
138,2,3.0,1.82,1.42
138,2,4.0,1.82,3.42
138,2,5.0,1.82,0.18
138,2,6.0,3.82,0.18
138,2,7.0,2.82,0.18
138,2,8.0,2.82,-0.82
138,2,9.0,2.82,1.18
138,2,10.0,0.84,16.00
138,2,11.0,2.84,16.00
138,2,12.0,1.84,16.00
138,2,13.0,1.84,15.0
138,2,14.0,1.84,17.0
139,0,0.0,0.91,0.47
139,0,1.0,2.91,0.47
139,0,2.0,1.91,0.47
139,0,3.0,1.91,-0.53
139,0,4.0,1.91,1.47
139,0,5.0,1.86,-0.02
139,0,6.0,3.86,-0.02
139,0,7.0,2.86,-0.02
139,0,8.0,2.86,-1.02
139,0,9.0,2.86,0.98
139,0,10.0,1.71,15.79
139,0,11.0,3.71,15.79
139,0,12.0,2.71,15.79
139,0,13.0,2.71,14.79
139,0,14.0,2.71,16.79
139,1,0.0,0.73,15.45
139,1,1.0,2.73,15.45
139,1,2.0,1.73,15.45
139,1,3.0,1.73,14.45
139,1,4.0,1.73,16.45
139,1,5.0,2.45,0.29
139,1,6.0,4.45,0.29
139,1,7.0,3.45,0.29
139,1,8.0,3.45,-0.71
139,1,9.0,3.45,1.29
139,1,10.0,2.59,15.57
139,1,11.0,4.59,15.57
139,1,12.0,3.59,15.57
139,1,13.0,3.59,14.57
139,1,14.0,3.59,16.57
139,2,0.0,2.17,3.90
139,2,1.0,4.17,3.90
139,2,2.0,3.17,3.90
139,2,3.0,3.17,2.9
139,2,4.0,3.17,4.9
139,2,5.0,3.04,1.22
139,2,6.0,5.04,1.22
139,2,7.0,4.04,1.22
139,2,8.0,4.04,0.22
139,2,9.0,4.04,2.22
139,2,10.0,2.04,15.36
139,2,11.0,4.04,15.36
139,2,12.0,3.04,15.36
139,2,13.0,3.04,14.36
139,2,14.0,3.04,16.36
